# Days with AQI,Good,Moderate,Unhealthy for Sensitive Groups,Unhealthy,Very Unhealthy,AQI Maximum,AQI 90th Percentile,AQI Median,# Days CO,# Days NO2,# Days O3,# Days SO2,# Days PM2.5,# Days PM10,year,cbsa_code
303,252,48,2,1,.,151,57.0,23.0,107,.,.,.,96,100,2005,11260
225,188,34,2,1,.,153,69.0,23.0,134,.,.,.,91,.,2005,21820
115,99,14,2,.,.,125,57.0,20.0,.,.,.,.,110,5,2005,27940
116,53,62,1,.,.,107,75.0,52.0,.,.,.,.,111,5,2005,10500
244,175,65,4,.,.,140,80.0,42.0,.,.,244,.,.,.,2005,11140
364,146,201,15,2,.,161,90.0,54.0,.,.,102,.,262,.,2005,12020
365,69,225,54,15,2,209,129.0,68.0,.,9,121,33,202,.,2005,12060
365,130,204,29,2,.,156,97.0,57.0,.,.,115,.,249,1,2005,12260
333,253,79,1,.,.,127,62.0,39.0,.,.,182,56,95,.,2005,15260
288,126,134,26,2,.,185,100.0,54.0,.,.,189,.,98,1,2005,16860
365,150,200,14,1,.,156,88.0,55.0,.,.,88,3,273,1,2005,17980
277,179,79,18,1,.,151,93.0,45.0,.,.,206,.,71,.,2005,19140
59,34,25,.,.,.,96,70.0,41.0,.,.,.,.,59,.,2005,20060
59,35,23,1,.,.,119,68.0,47.0,.,.,.,.,59,.,2005,21640
112,51,59,2,.,.,107,73.0,52.0,.,.,.,.,112,.,2005,23580
363,144,189,28,2,.,177,94.0,55.0,.,.,123,.,240,.,2005,31420
364,240,109,15,.,.,145,75.0,26.0,.,.,.,251,113,.,2005,40660
365,122,225,18,.,.,138,84.0,58.0,.,.,47,92,225,1,2005,42340
261,190,57,14,.,.,150,80.0,43.0,.,.,243,.,.,18,2005,44900
55,31,24,.,.,.,88,70.0,47.0,.,.,.,.,55,.,2005,46660
56,27,29,.,.,.,93,71.0,51.0,.,.,.,.,56,.,2005,47580
365,245,10,33,75,2,206,200.0,5.0,.,.,.,300,65,.,2005,25900
345,330,14,1,.,.,101,38.0,19.0,.,.,.,.,44,301,2005,27980
220,220,.,.,.,.,28,22.0,13.0,.,.,.,.,.,220,2005,28180
365,351,11,2,1,.,168,38.0,25.0,1,9,175,28,88,64,2005,46520
26,24,2,.,.,.,62,47.0,19.0,.,.,.,.,.,26,2005,13940
365,181,168,15,1,.,151,84.0,51.0,5,.,138,.,210,12,2005,14260
365,236,128,1,.,.,105,67.0,44.0,.,1,124,.,234,6,2005,17660
330,326,4,.,.,.,78,29.0,20.0,.,.,.,.,330,.,2005,26820
364,313,50,1,.,.,106,54.0,43.5,10,.,330,.,21,3,2005,27220
336,320,16,.,.,.,67,39.0,20.0,.,.,.,.,305,31,2005,30300
365,221,106,23,15,.,167,105.0,47.0,.,74,143,.,144,4,2005,30860
353,348,5,.,.,.,71,31.0,15.0,.,.,.,.,353,.,2005,34140
152,104,48,.,.,.,84,67.0,47.0,.,.,152,.,.,.,2005,34300
365,208,150,5,2,.,165,74.0,47.0,.,.,.,99,252,14,2005,38540
339,327,12,.,.,.,62,30.0,14.0,.,.,.,.,.,339,2005,41760
326,292,32,2,.,.,114,52.0,27.0,.,.,.,.,326,.,2005,46300
364,263,86,15,.,.,140,84.0,39.0,.,.,331,.,33,.,2005,14010
57,56,1,.,.,.,51,33.0,22.0,.,.,.,.,.,57,2005,16060
365,241,102,22,.,.,143,87.0,43.0,.,.,290,.,75,.,2005,16580
365,40,231,68,24,2,208,130.0,77.0,.,45,77,77,157,9,2005,16980
365,122,214,29,.,.,140,93.0,58.0,.,.,111,4,157,93,2005,19340
365,245,101,19,.,.,136,87.0,43.0,.,.,262,63,40,.,2005,19500
215,141,67,7,.,.,119,84.0,44.0,.,.,215,.,.,.,2005,20820
120,118,2,.,.,.,52,32.0,19.0,.,.,.,.,.,120,2005,22800
216,123,82,11,.,.,136,93.0,47.5,.,.,196,.,20,.,2005,34500
365,297,66,2,.,.,130,58.0,28.0,.,.,.,.,105,260,2005,36860
365,210,128,26,1,.,154,91.0,46.0,.,29,178,63,80,15,2005,37140
365,161,159,41,4,.,173,105.0,54.0,11,.,157,143,54,.,2005,37900
365,261,89,15,.,.,122,87.0,41.0,.,.,311,23,31,.,2005,39500
365,278,77,10,.,.,135,76.0,35.0,14,.,315,.,36,.,2005,40420
365,17,179,120,47,2,205,159.0,97.0,.,4,84,161,79,37,2005,41180
365,236,104,25,.,.,126,93.0,43.0,3,.,272,56,34,.,2005,44100
183,90,70,23,.,.,147,108.0,51.0,.,.,183,.,.,.,2005,14020
365,40,231,68,24,2,208,130.0,77.0,.,45,77,77,157,9,2005,16980
365,98,157,88,19,3,208,139.0,73.0,.,28,112,165,60,.,2005,17140
241,100,115,21,5,.,172,101.0,56.0,.,.,163,.,78,.,2005,21140
365,72,195,93,5,.,177,124.0,71.0,.,.,68,157,140,.,2005,21780
365,165,163,32,5,.,164,101.0,53.0,6,.,102,.,256,1,2005,23060
171,95,60,16,.,.,140,97.0,48.0,.,.,171,.,.,.,2005,26540
365,65,207,85,8,.,182,126.0,72.0,.,9,86,104,165,1,2005,26900
365,225,112,25,3,.,161,89.0,30.0,.,.,.,271,94,.,2005,27540
111,43,65,3,.,.,121,86.0,54.0,.,.,.,.,111,.,2005,29020
305,136,149,19,1,.,154,91.0,54.0,.,.,94,.,211,.,2005,29200
365,58,202,96,9,.,189,133.0,72.0,.,2,86,124,153,.,2005,31140
178,164,11,3,.,.,109,49.0,20.0,.,.,.,178,.,.,2005,31500
365,235,102,24,4,.,179,97.0,39.0,.,.,157,124,84,.,2005,33140
216,93,99,21,3,.,182,103.0,54.5,.,.,132,.,84,.,2005,34620
111,47,58,5,1,.,155,87.0,53.0,.,.,.,.,111,.,2005,35220
365,252,92,21,.,.,134,86.0,27.0,.,.,.,365,.,.,2005,39980
183,91,69,23,.,.,150,108.0,51.0,.,.,183,.,.,.,2005,42980
333,180,114,33,6,.,177,105.0,47.0,.,94,165,.,74,.,2005,43780
365,187,133,44,1,.,187,105.0,50.0,.,.,118,180,67,.,2005,45460
351,237,92,22,.,.,140,84.0,44.0,.,.,271,.,80,.,2005,47180
358,274,67,17,.,.,126,84.0,36.5,.,.,358,.,.,.,2005,47340
355,284,54,17,.,.,115,75.0,19.0,.,.,.,355,.,.,2005,47780
214,189,24,1,.,.,105,51.0,37.0,.,.,214,.,.,.,2005,11180
365,149,171,45,.,.,133,105.0,56.0,.,.,92,117,156,.,2005,16300
365,254,91,19,1,.,154,80.0,38.0,.,.,176,59,75,55,2005,17540
365,122,214,29,.,.,140,93.0,58.0,.,.,111,4,157,93,2005,19340
365,220,132,13,.,.,134,80.0,46.0,.,31,138,.,189,7,2005,19780
120,118,2,.,.,.,52,32.0,19.0,.,.,.,.,.,120,2005,22800
122,68,49,5,.,.,131,74.0,45.5,.,.,.,.,122,.,2005,26980
365,307,56,2,.,.,105,55.0,29.0,.,.,.,4,.,361,2005,32380
365,215,110,39,1,.,157,103.0,40.0,.,.,.,211,77,77,2005,34700
365,125,210,30,.,.,147,97.0,56.0,.,.,96,30,168,71,2005,36540
124,84,39,1,.,.,130,67.0,37.0,.,.,.,.,116,8,2005,43580
253,170,78,5,.,.,145,76.0,44.0,.,.,175,.,75,3,2005,47940
365,355,9,1,.,.,136,32.0,15.0,.,.,.,37,.,328,2005,17700
61,60,1,.,.,.,51,27.0,15.0,.,.,.,.,.,61,2005,19980
116,87,29,.,.,.,96,62.0,30.5,.,.,.,.,116,.,2005,21380
365,87,202,59,16,1,210,127.0,65.0,1,17,140,69,137,1,2005,28140
359,285,64,9,1,.,156,74.0,37.0,.,.,359,.,.,.,2005,29940
363,263,82,17,1,.,154,80.0,41.0,.,.,363,.,.,.,2005,31740
121,61,58,2,.,.,107,73.0,50.0,.,.,.,.,103,18,2005,41140
121,76,44,1,.,.,112,68.0,42.0,.,.,.,.,119,2,2005,45820
365,230,118,17,.,.,147,87.0,45.0,3,40,247,1,55,19,2005,48620
365,218,123,24,.,.,140,93.0,46.0,.,19,252,7,86,1,2005,14540
365,98,157,88,19,3,208,139.0,73.0,.,28,112,165,60,.,2005,17140
365,196,134,34,1,.,153,100.0,49.0,.,.,245,49,71,.,2005,17300
285,153,106,26,.,.,143,97.0,49.0,.,.,196,.,86,3,2005,21060
365,72,195,93,5,.,177,124.0,71.0,.,.,68,157,140,.,2005,21780
118,62,52,4,.,.,134,79.0,48.5,.,.,.,.,118,.,2005,23180
365,143,186,34,2,.,173,100.0,57.0,.,26,135,114,89,1,2005,26580
365,206,133,25,1,.,162,93.0,47.0,.,62,165,46,92,.,2005,30460
71,30,39,1,1,.,152,80.0,54.0,.,.,.,.,68,3,2005,30940
365,58,202,96,9,.,189,133.0,72.0,.,2,86,124,153,.,2005,31140
234,133,90,11,.,.,136,81.0,48.0,.,.,189,.,45,.,2005,33180
364,189,133,40,2,.,154,105.0,49.0,.,21,179,74,76,14,2005,36980
365,210,128,26,1,.,154,91.0,46.0,.,29,178,63,80,15,2005,37140
124,57,66,1,.,.,118,78.0,52.0,.,.,.,.,115,9,2005,40080
263,176,76,11,.,.,126,84.0,44.0,.,.,243,.,.,20,2005,43700
262,184,74,4,.,.,119,74.0,43.0,.,.,185,.,77,.,2005,10780
365,70,178,95,21,1,201,136.0,71.0,.,6,139,95,123,2,2005,12940
364,299,59,6,.,.,122,64.0,39.5,.,.,364,.,.,.,2005,19760
116,56,58,2,.,.,119,78.0,51.5,.,.,.,.,116,.,2005,25220
362,193,145,23,1,.,154,93.0,49.0,.,.,168,.,194,.,2005,26380
308,192,98,16,2,.,159,93.0,44.0,.,.,237,.,71,.,2005,29180
348,155,168,22,3,.,164,91.0,53.0,.,4,140,16,188,.,2005,29340
364,230,106,27,1,.,154,97.0,44.0,.,.,293,5,66,.,2005,33740
358,270,70,18,.,.,136,87.0,39.0,.,.,358,.,.,.,2005,34020
284,162,112,10,.,.,126,90.0,48.0,.,.,201,.,83,.,2005,35020
365,118,204,40,3,.,159,103.0,59.0,1,7,149,26,182,.,2005,35380
365,181,157,25,2,.,161,93.0,51.0,.,.,189,1,175,.,2005,43340
213,190,20,3,.,.,143,51.0,33.0,.,.,183,.,.,30,2005,12300
364,328,34,2,.,.,108,50.0,33.0,.,.,326,.,35,3,2005,12620
171,153,16,2,.,.,150,51.0,29.0,.,.,140,.,.,31,2005,30340
365,285,64,15,1,.,159,71.0,40.0,.,107,210,22,18,8,2005,38860
162,140,15,6,1,.,192,64.0,37.0,.,.,162,.,.,.,2005,40500
358,241,107,9,1,.,159,79.0,47.0,.,.,350,.,8,.,2005,22380
120,113,7,.,.,.,68,43.5,18.5,.,.,.,.,88,32,2005,29420
304,156,118,21,9,.,199,100.0,48.5,.,.,.,.,35,269,2005,35700
365,107,138,103,17,.,200,129.0,72.0,.,.,105,245,12,3,2005,37740
365,49,225,80,11,.,177,126.0,80.0,1,47,174,.,16,127,2005,38060
158,105,41,12,.,.,119,90.0,18.0,.,.,58,.,84,16,2005,39140
53,53,.,.,.,.,46,31.0,20.0,.,.,.,.,.,53,2005,40940
332,217,112,3,.,.,140,77.0,44.0,.,.,313,.,14,5,2005,43320
355,235,116,4,.,.,108,77.0,46.0,.,.,321,.,24,10,2005,43420
365,195,152,16,2,.,154,84.0,49.0,.,10,282,.,26,47,2005,46060
316,188,113,15,.,.,140,80.0,46.0,.,10,170,.,.,136,2005,49740
365,74,228,43,16,4,208,119.0,65.0,.,14,94,19,238,.,2005,12580
356,269,60,23,4,.,164,87.0,39.0,.,.,356,.,.,.,2005,15700
267,118,123,24,2,.,164,100.0,54.0,.,.,172,.,95,.,2005,25180
365,69,210,60,25,1,206,139.0,71.0,.,17,114,87,145,2,2005,37980
263,131,102,23,6,1,206,105.0,51.0,.,.,193,.,70,.,2005,41540
365,104,198,45,18,.,187,126.0,61.0,.,35,127,32,166,5,2005,47900
233,169,46,11,7,.,174,87.0,42.0,.,2,175,.,56,.,2005,12700
365,112,217,28,8,.,195,97.0,58.0,.,19,87,33,226,.,2005,14460
230,130,77,18,5,.,164,100.5,48.0,.,.,142,.,88,.,2005,38340
365,187,149,21,8,.,182,93.0,50.0,1,18,119,54,172,1,2005,39300
365,181,153,22,9,.,197,97.0,51.0,.,4,207,11,143,.,2005,44140
226,176,30,16,3,1,201,90.0,41.0,.,.,157,.,69,.,2005,47240
365,226,117,18,4,.,195,87.0,45.0,.,13,193,1,155,3,2005,49340
182,104,54,22,2,.,179,105.0,47.0,.,.,182,.,.,.,2005,10300
361,235,103,19,4,.,200,93.0,43.0,.,.,290,.,71,.,2005,11460
117,70,42,5,.,.,124,77.0,40.0,.,.,.,.,117,.,2005,13020
361,281,68,11,1,.,151,80.0,39.0,.,.,318,.,43,.,2005,15620
365,90,175,82,17,1,202,128.0,74.0,.,13,80,114,152,6,2005,19820
361,262,74,25,.,.,150,84.0,35.0,.,.,160,125,75,1,2005,22420
365,181,146,30,8,.,182,105.0,51.0,.,30,131,.,204,.,2005,24340
362,191,129,32,8,2,208,108.0,49.0,.,.,152,.,210,.,2005,26090
119,107,12,.,.,.,70,52.0,11.0,.,.,.,.,119,.,2005,26340
195,156,36,3,.,.,133,74.0,38.0,.,.,174,.,21,.,2005,27020
239,122,98,18,1,.,156,97.0,50.0,.,.,155,.,84,.,2005,28020
243,129,87,26,1,.,174,105.0,48.0,.,.,161,.,82,.,2005,29620
175,125,38,10,2,.,187,93.0,41.0,.,.,175,.,.,.,2005,31220
115,50,57,6,2,.,160,90.0,52.0,.,.,.,.,115,.,2005,33780
239,148,61,20,9,1,208,108.0,46.0,.,.,163,.,76,.,2005,34740
239,117,90,27,5,.,177,112.0,51.0,.,.,168,.,71,.,2005,35660
114,72,38,4,.,.,125,75.0,38.0,.,.,.,.,114,.,2005,40980
125,98,26,1,.,.,126,67.0,29.0,.,.,.,.,125,.,2005,42300
333,180,114,33,6,.,177,105.0,47.0,.,94,165,.,74,.,2005,43780
183,121,39,18,5,.,177,115.0,44.0,.,.,183,.,.,.,2005,45900
331,253,73,4,1,.,152,64.0,38.0,.,.,115,.,216,.,2005,14660
365,260,99,6,.,.,133,69.0,41.0,.,.,183,.,180,2,2005,20260
362,321,40,.,1,.,154,51.0,34.0,.,18,271,.,51,22,2005,22020
7,2,5,.,.,.,94,94.0,64.0,.,.,.,.,7,.,2005,29100
222,161,58,3,.,.,115,69.0,42.0,.,.,113,.,109,.,2005,32140
365,150,188,20,7,.,161,93.0,56.0,.,3,116,22,222,2,2005,33460
176,115,56,5,.,.,143,84.0,45.5,.,.,176,.,.,.,2005,39860
359,218,130,9,2,.,152,75.0,46.0,.,.,116,.,243,.,2005,40340
365,283,79,2,1,.,153,62.0,36.0,12,.,138,.,215,.,2005,41060
119,92,24,2,1,.,152,63.0,27.0,.,.,.,.,119,.,2005,49100
363,184,163,16,.,.,135,86.0,50.0,.,.,114,.,249,.,2005,17380
99,54,43,2,.,.,117,78.0,49.0,.,.,.,.,99,.,2005,18060
49,22,27,.,.,.,95,75.0,52.0,.,.,.,.,49,.,2005,24980
361,125,197,36,3,.,156,101.0,58.0,.,3,126,10,222,.,2005,25060
109,42,63,3,1,.,155,80.0,53.0,.,.,.,.,109,.,2005,25620
365,148,206,10,1,.,168,79.0,54.0,.,.,78,.,287,.,2005,27140
115,38,74,3,.,.,129,79.0,55.0,.,.,.,.,115,.,2005,29860
365,82,191,78,13,1,202,129.0,67.0,.,3,135,38,187,2,2005,32820
279,161,103,14,1,.,156,87.0,47.0,.,.,193,.,86,.,2005,32940
284,162,112,10,.,.,126,90.0,48.0,.,.,201,.,83,.,2005,35020
103,56,46,1,.,.,106,67.0,46.0,.,.,.,.,103,.,2005,38100
364,163,179,22,.,.,140,87.0,53.0,.,.,103,.,261,.,2005,46180
109,60,46,3,.,.,137,70.0,47.0,.,.,.,.,109,.,2005,46980
119,81,38,.,.,.,95,67.0,34.0,.,.,.,.,119,.,2005,14700
112,61,49,2,.,.,105,72.0,48.0,.,.,.,.,112,.,2005,17860
120,118,2,.,.,.,52,32.0,19.0,.,.,.,.,.,120,2005,22800
359,301,57,1,.,.,102,59.0,26.0,.,.,.,.,.,359,2005,27900
365,87,202,59,16,1,210,127.0,65.0,1,17,140,69,137,1,2005,28140
365,261,89,15,.,.,122,87.0,41.0,.,.,311,23,31,.,2005,39500
121,61,58,2,.,.,107,73.0,50.0,.,.,.,.,103,18,2005,41140
365,17,179,120,47,2,205,159.0,97.0,.,4,84,161,79,37,2005,41180
365,194,149,22,.,.,143,91.0,49.0,1,61,132,106,65,.,2005,44180
365,181,169,15,.,.,116,86.0,51.0,3,1,44,296,19,2,2005,13740
365,344,18,3,.,.,124,39.0,15.0,50,.,.,.,302,13,2005,14580
365,321,41,3,.,.,137,53.0,20.0,97,.,.,.,110,158,2005,15580
365,323,42,.,.,.,96,55.0,17.0,124,.,.,169,71,1,2005,24500
358,337,18,3,.,.,113,40.0,17.0,.,.,.,.,102,256,2005,25740
365,302,62,1,.,.,105,58.0,38.0,19,.,202,.,60,84,2005,28060
342,300,37,2,3,.,162,55.0,21.0,65,.,.,.,116,161,2005,33540
113,91,22,.,.,.,75,58.0,28.0,.,.,.,.,113,.,2005,24260
61,45,16,.,.,.,87,64.0,38.0,.,.,.,.,.,61,2005,30420
363,329,33,1,.,.,101,50.0,31.0,100,.,183,.,80,.,2005,30700
105,88,16,1,.,.,102,55.0,23.0,.,.,.,.,105,.,2005,35820
365,125,210,30,.,.,147,97.0,56.0,.,.,96,30,168,71,2005,36540
121,117,4,.,.,.,68,38.0,19.0,.,.,.,.,121,.,2005,42420
124,84,39,1,.,.,130,67.0,37.0,.,.,.,.,116,8,2005,43580
365,342,23,.,.,.,87,49.0,36.0,152,.,213,.,.,.,2005,16180
260,253,7,.,.,.,67,35.0,17.5,.,.,.,.,55,205,2005,21220
213,207,6,.,.,.,74,48.0,41.0,.,.,213,.,.,.,2005,21980
307,307,.,.,.,.,43,25.0,15.0,307,.,.,.,.,.,2005,23820
365,104,197,55,9,.,200,115.0,62.0,.,15,223,.,102,25,2005,29820
362,334,28,.,.,.,79,47.0,23.0,.,.,.,.,.,362,2005,37220
365,166,191,7,1,.,155,84.0,52.0,.,22,219,.,24,100,2005,39900
244,152,78,14,.,.,140,81.0,46.0,.,.,154,.,90,.,2005,13620
365,112,217,28,8,.,195,97.0,58.0,.,19,87,33,226,.,2005,14460
362,319,39,4,.,.,133,54.0,36.0,.,.,328,.,34,.,2005,17200
365,197,114,53,1,.,164,107.0,47.0,.,.,87,230,48,.,2005,18180
212,170,38,4,.,.,143,71.0,39.5,.,.,171,.,41,.,2005,28300
213,178,29,6,.,.,129,64.0,37.0,.,.,174,.,39,.,2005,29060
365,267,78,16,4,.,177,75.0,41.0,4,53,183,64,61,.,2005,31700
344,258,78,8,.,.,119,77.0,40.0,.,.,344,.,.,.,2005,11660
111,49,57,5,.,.,112,82.0,53.0,.,.,.,.,111,.,2005,14180
325,256,65,4,.,.,116,62.0,9.0,.,.,.,219,106,.,2005,20980
116,48,65,3,.,.,115,74.0,55.0,.,.,.,.,116,.,2005,22900
364,277,82,5,.,.,115,68.0,41.0,.,.,316,.,48,.,2005,25460
108,53,53,2,.,.,119,81.0,51.0,.,.,.,.,108,.,2005,25760
115,55,59,1,.,.,111,76.0,52.0,.,.,.,.,115,.,2005,26300
365,125,196,40,4,.,169,101.0,61.0,.,6,149,.,210,.,2005,30780
365,82,191,78,13,1,202,129.0,67.0,.,3,135,38,187,2,2005,32820
113,50,63,.,.,.,99,75.0,53.0,.,.,.,.,113,.,2005,40780
116,56,56,4,.,.,131,83.0,52.5,.,.,.,.,116,.,2005,42620
117,66,50,1,.,.,101,73.0,47.0,.,.,.,.,117,.,2005,45500
365,131,195,33,6,.,166,102.0,57.0,.,8,92,62,178,25,2005,10900
357,260,77,18,2,.,161,77.0,40.0,.,.,266,16,74,1,2005,12100
365,68,221,54,19,3,217,129.0,66.0,.,58,113,71,122,1,2005,35620
365,69,210,60,25,1,206,139.0,71.0,.,17,114,87,145,2,2005,37980
365,250,88,19,8,.,185,87.0,44.0,.,70,237,.,57,1,2005,45940
363,297,44,19,2,1,204,77.0,34.0,.,.,324,39,.,.,2005,47220
365,108,231,24,2,.,169,95.0,61.0,.,2,181,.,29,153,2005,10740
365,285,77,3,.,.,112,61.0,42.0,.,4,330,.,31,.,2005,16100
60,59,1,.,.,.,61,31.5,19.0,.,.,.,.,.,60,2005,19700
105,104,1,.,.,.,52,20.0,9.0,.,.,.,.,105,.,2005,21580
365,243,110,11,1,.,151,77.0,45.0,.,26,289,38,12,.,2005,22140
365,281,76,8,.,.,143,67.0,43.0,.,23,292,.,50,.,2005,26020
365,140,195,29,.,1,874,97.0,55.0,.,5,204,.,37,119,2005,29740
115,115,.,.,.,.,44,20.0,10.0,.,.,.,.,115,.,2005,31060
124,113,11,.,.,.,62,48.0,24.5,.,.,.,.,121,3,2005,40740
112,112,.,.,.,.,47,28.0,11.0,.,.,.,.,112,.,2005,40760
365,363,2,.,.,.,52,28.0,15.0,31,.,.,.,329,5,2005,42140
362,293,65,4,.,.,115,64.0,39.5,.,.,260,65,34,3,2005,43500
356,352,4,.,.,.,62,30.0,16.0,.,.,.,.,323,33,2005,45340
365,258,87,17,3,.,187,80.0,43.0,1,.,295,13,56,.,2005,10580
365,189,124,47,5,.,195,109.0,49.0,.,72,166,67,60,.,2005,15380
340,235,103,2,.,.,123,69.0,33.0,.,.,.,.,340,.,2005,18500
361,324,34,3,.,.,119,51.0,33.0,.,.,314,47,.,.,2005,21300
363,285,66,10,2,.,151,77.0,40.0,.,.,331,.,32,.,2005,27060
365,240,91,27,7,.,179,100.0,44.0,.,.,278,47,40,.,2005,27460
359,306,42,11,.,.,147,58.0,40.0,.,.,355,4,.,.,2005,28740
365,313,38,12,2,.,156,61.0,23.0,.,.,178,96,.,91,2005,31660
365,68,221,54,19,3,217,129.0,66.0,.,58,113,71,122,1,2005,35620
111,87,24,.,.,.,98,63.0,24.0,.,.,.,.,111,.,2005,36300
365,285,67,13,.,.,147,75.0,36.0,3,.,238,51,73,.,2005,40380
365,277,66,20,2,.,166,84.0,42.0,5,.,322,11,27,.,2005,45060
365,325,36,4,.,.,133,51.0,35.0,.,.,360,5,.,.,2005,46540
217,164,36,14,3,.,187,93.0,41.0,.,.,217,.,.,.,2005,48060
362,143,186,32,1,.,154,97.0,55.0,.,.,149,.,213,.,2005,11700
118,65,51,1,1,.,158,78.0,46.0,.,.,.,.,118,.,2005,14380
118,52,65,1,.,.,110,79.0,54.0,.,.,.,.,118,.,2005,15500
365,93,201,56,14,1,206,126.0,64.0,.,6,144,16,199,.,2005,16740
126,67,56,3,.,.,108,74.0,48.5,.,.,26,.,100,.,2005,19000
348,144,176,28,.,.,150,100.0,53.0,.,.,119,.,229,.,2005,20500
365,240,91,26,8,.,182,100.0,44.0,104,.,179,.,82,.,2005,22180
114,60,53,1,.,.,110,74.0,50.0,.,.,.,.,112,2,2005,24140
365,147,193,23,2,.,172,96.0,55.0,8,.,123,.,234,.,2005,24660
259,158,86,14,1,.,156,84.0,46.0,.,.,174,.,85,.,2005,24780
268,124,128,16,.,.,143,93.0,53.0,.,.,167,.,100,1,2005,25860
120,76,43,1,.,.,117,67.5,41.0,.,.,.,.,119,1,2005,27340
255,149,87,17,2,.,167,90.0,47.0,.,.,172,.,83,.,2005,28820
117,63,54,.,.,.,98,70.0,47.0,.,.,.,.,117,.,2005,31300
121,45,74,2,.,.,110,82.0,55.0,.,.,.,.,121,.,2005,32000
359,287,70,2,.,.,143,67.0,38.0,.,.,359,.,.,.,2005,33980
119,64,54,1,.,.,121,72.0,49.0,.,.,.,.,119,.,2005,34820
213,90,78,42,3,.,172,122.0,58.0,.,.,213,.,.,.,2005,37080
365,147,172,40,6,.,182,108.0,55.0,.,.,159,4,202,.,2005,39580
264,146,100,17,1,.,156,87.0,48.0,.,.,181,.,82,1,2005,40580
365,162,183,19,1,.,151,87.0,53.0,.,.,137,39,189,.,2005,47260
351,324,22,5,.,.,125,44.0,6.0,.,.,.,351,.,.,2005,47820
365,268,87,10,.,.,147,70.0,37.0,.,.,167,130,68,.,2005,48900
365,131,192,39,3,.,159,103.0,58.0,1,14,104,28,212,6,2005,49180
365,316,46,3,.,.,119,55.0,35.0,.,12,253,70,28,2,2005,13900
352,335,17,.,.,.,74,48.0,36.0,.,.,338,.,14,.,2005,19860
362,321,40,.,1,.,154,51.0,34.0,.,18,271,.,51,22,2005,22020
364,287,61,14,2,.,154,76.0,16.0,.,.,.,364,.,.,2005,48780
365,143,148,65,8,1,202,120.0,59.0,4,.,139,141,81,.,2005,10420
362,279,53,23,7,.,197,90.0,34.0,.,.,207,155,.,.,2005,11780
61,31,26,3,1,.,194,90.0,50.0,.,.,.,.,61,.,2005,11900
342,266,53,23,.,.,147,80.0,36.0,.,.,342,.,.,.,2005,15340
361,213,114,30,3,1,201,97.0,45.0,100,.,166,.,95,.,2005,15940
365,98,157,88,19,3,208,139.0,73.0,.,28,112,165,60,.,2005,17140
365,83,162,99,20,1,214,134.0,76.0,1,12,91,165,73,23,2005,17460
365,196,119,43,6,1,201,112.0,48.0,10,.,175,37,76,67,2005,18140
365,200,125,38,2,.,174,101.0,47.0,97,.,180,.,88,.,2005,19380
61,61,.,.,.,.,42,32.0,23.0,.,.,.,.,.,61,2005,22300
365,143,186,34,2,.,173,100.0,57.0,.,26,135,114,89,1,2005,26580
358,265,70,21,2,.,159,87.0,33.0,.,.,209,127,.,22,2005,30620
234,140,64,24,6,.,179,108.0,48.0,.,.,211,.,.,23,2005,31930
213,128,66,17,2,.,190,100.0,46.0,.,.,213,.,.,.,2005,34540
349,287,58,3,1,.,200,59.0,30.0,.,.,.,349,.,.,2005,35420
345,293,41,10,1,.,154,64.0,23.0,.,.,.,345,.,.,2005,38580
365,224,136,5,.,.,133,79.0,43.0,.,.,.,125,99,141,2005,39020
357,266,69,22,.,.,149,85.0,24.0,.,.,.,315,.,42,2005,41400
365,218,117,25,5,.,177,93.0,45.0,.,.,181,110,74,.,2005,44220
365,184,141,34,5,1,203,105.0,49.0,.,.,146,92,73,54,2005,45780
353,261,64,26,2,.,156,93.0,38.0,.,.,353,.,.,.,2005,47920
365,43,152,150,20,.,200,136.0,93.0,1,.,46,290,28,.,2005,48260
365,98,159,98,10,.,200,123.0,74.0,.,.,97,227,41,.,2005,48540
214,113,65,33,3,.,179,119.0,49.0,.,.,214,.,.,.,2005,48940
365,129,189,40,7,.,177,110.0,58.0,.,.,148,33,184,.,2005,49660
255,164,73,15,3,.,161,87.0,45.0,.,.,221,.,34,.,2005,11620
62,42,20,.,.,.,86,61.0,38.0,.,.,.,.,62,.,2005,21420
116,48,65,3,.,.,115,74.0,55.0,.,.,.,.,116,.,2005,22900
365,277,69,19,.,.,150,87.0,39.0,.,.,343,.,22,.,2005,30020
357,254,98,5,.,.,115,77.0,43.0,.,.,293,.,61,3,2005,32540
365,234,116,15,.,.,140,87.0,44.0,.,40,242,.,28,55,2005,33060
359,270,84,5,.,.,112,65.0,34.0,.,.,.,78,98,183,2005,34780
365,182,150,30,3,.,172,100.0,51.0,.,34,206,.,124,1,2005,36420
365,225,115,25,.,.,150,93.0,46.0,.,.,235,52,41,37,2005,38620
365,252,101,12,.,.,133,80.0,44.0,.,46,265,5,27,22,2005,45140
365,121,195,42,7,.,177,105.0,58.0,.,1,154,107,102,1,2005,46140
25,24,1,.,.,.,51,30.0,17.0,.,.,.,.,.,25,2005,48220
362,298,60,3,1,.,152,63.0,22.0,.,.,.,.,362,.,2005,10540
365,327,38,.,.,.,90,52.0,20.0,6,.,.,.,350,9,2005,13460
362,324,37,1,.,.,104,52.0,15.0,.,.,.,.,362,.,2005,18700
365,215,113,28,9,.,160,101.0,44.0,.,.,126,.,238,1,2005,21660
365,274,89,1,1,.,160,62.0,29.0,3,.,.,.,362,.,2005,24420
362,286,72,4,.,.,138,71.0,21.0,.,.,.,.,346,16,2005,25840
362,257,83,22,.,.,149,80.0,32.0,.,.,.,.,362,.,2005,28900
365,292,68,4,1,.,151,66.0,26.0,.,.,.,.,355,10,2005,29260
365,233,121,10,1,.,151,80.0,44.0,2,.,138,.,225,.,2005,32780
365,223,127,12,3,.,156,80.0,42.0,1,1,107,.,255,1,2005,38900
128,88,40,.,.,.,89,68.0,38.5,.,.,.,.,128,.,2005,40700
365,293,65,7,.,.,133,63.0,32.0,7,.,142,.,216,.,2005,41420
360,307,53,.,.,.,99,57.0,19.0,.,.,.,.,360,.,2005,45520
365,131,195,33,6,.,166,102.0,57.0,.,8,92,62,178,25,2005,10900
365,258,92,15,.,.,150,77.0,41.0,1,74,184,97,.,9,2005,11020
204,139,57,8,.,.,119,87.0,44.5,.,.,204,.,.,.,2005,16540
208,115,66,23,4,.,161,108.0,48.0,.,.,208,.,.,.,2005,20180
365,152,175,32,6,.,195,101.0,54.0,.,19,103,69,174,.,2005,21500
364,168,169,26,1,.,161,93.0,53.0,.,.,169,.,195,.,2005,23900
365,128,195,37,5,.,174,106.0,62.0,.,15,104,19,227,.,2005,25420
365,200,121,38,6,.,172,107.0,48.0,.,31,168,166,.,.,2005,26860
365,215,125,24,1,.,151,91.0,46.0,.,57,124,91,85,8,2005,27780
365,203,117,41,4,.,177,108.0,46.0,.,70,163,46,81,5,2005,29540
365,231,111,21,2,.,157,89.0,44.0,.,99,144,108,.,14,2005,35260
365,68,221,54,19,3,217,129.0,66.0,.,58,113,71,122,1,2005,35620
365,69,210,60,25,1,206,139.0,71.0,.,17,114,87,145,2,2005,37980
365,29,185,118,32,1,204,145.0,90.0,.,1,49,218,97,.,2005,38300
361,346,15,.,.,.,84,36.0,13.0,81,.,.,280,.,.,2005,39060
365,221,111,30,3,.,169,99.0,44.0,.,109,110,64,78,4,2005,39740
344,283,50,11,.,.,129,71.0,37.0,.,.,344,.,.,.,2005,41260
365,171,168,24,2,.,161,91.0,53.0,.,24,129,8,204,.,2005,42540
362,290,61,10,1,.,154,71.0,36.0,.,.,362,.,.,.,2005,43740
365,176,163,23,3,.,161,94.0,52.0,.,4,174,10,177,.,2005,44300
365,217,63,76,9,.,200,126.0,34.0,.,.,.,365,.,.,2005,47620
365,275,66,22,2,.,156,87.0,34.0,.,.,207,145,.,13,2005,48700
365,187,124,47,7,.,179,108.0,49.0,1,98,138,50,74,4,2005,49620
365,129,189,40,7,.,177,110.0,58.0,.,.,148,33,184,.,2005,49660
365,187,149,21,8,.,182,93.0,50.0,1,18,119,54,172,1,2005,39300
365,47,149,90,72,7,208,167.0,93.0,.,4,206,.,153,2,2005,12540
365,170,125,46,9,15,3884,133.0,51.0,.,.,299,.,3,63,2005,13860
365,213,113,38,1,.,159,105.0,47.0,.,2,294,.,69,.,2005,17020
361,352,9,.,.,.,87,46.0,35.0,.,.,355,.,6,.,2005,17340
131,131,.,.,.,.,43,23.0,13.0,.,.,.,.,117,14,2005,18860
365,126,170,59,10,.,187,119.0,61.0,9,55,255,.,38,8,2005,20940
37,29,8,.,.,.,92,66.0,24.0,.,.,.,.,34,3,2005,21700
365,105,145,70,43,2,206,154.0,72.0,.,16,217,.,131,1,2005,23420
364,201,115,41,7,.,182,105.0,48.0,.,63,247,.,49,5,2005,25260
365,55,171,78,49,12,238,166.0,84.0,2,46,188,1,128,.,2005,31080
362,265,79,18,.,.,136,87.0,40.0,.,66,296,.,.,.,2005,31460
364,231,89,42,2,.,169,108.0,43.0,.,46,268,.,48,2,2005,32900
365,242,83,32,8,.,172,105.0,42.0,2,80,226,.,55,2,2005,33700
365,361,4,.,.,.,90,41.0,31.0,3,74,285,.,.,3,2005,34900
365,183,120,55,7,.,187,119.0,50.0,.,25,307,.,33,.,2005,37100
295,188,74,32,1,.,151,101.0,43.0,.,.,279,.,.,16,2005,39780
365,277,70,15,3,.,159,84.0,43.0,.,.,355,.,10,.,2005,39820
365,46,141,85,63,30,242,192.0,100.0,.,35,214,.,111,5,2005,40140
365,103,170,50,36,6,213,154.0,68.0,.,3,202,.,160,.,2005,40900
365,351,14,.,.,.,84,45.0,35.0,.,21,323,.,15,6,2005,41500
365,83,227,50,5,.,159,111.0,67.0,.,59,208,.,92,6,2005,41740
365,199,145,19,2,.,161,88.0,48.0,.,11,128,2,224,.,2005,41860
365,196,145,23,1,.,154,93.0,48.0,.,11,213,.,141,.,2005,41940
365,281,79,5,.,.,150,67.0,42.0,.,12,328,10,13,2,2005,42020
365,351,14,.,.,.,87,44.0,34.0,.,2,344,.,13,6,2005,42100
365,233,119,13,.,.,140,84.0,47.0,.,2,344,.,18,1,2005,42200
365,344,21,.,.,.,96,44.0,31.0,1,51,276,.,37,.,2005,42220
365,264,81,19,1,.,159,87.0,41.0,7,.,358,.,.,.,2005,43760
365,281,69,13,2,.,155,71.0,40.0,3,104,194,.,59,5,2005,44700
365,188,113,44,18,2,216,126.0,50.0,.,.,300,.,21,44,2005,46020
365,357,8,.,.,.,69,43.0,32.0,1,34,312,.,12,6,2005,46380
365,244,106,15,.,.,145,79.0,41.0,.,6,168,.,191,.,2005,46700
365,74,142,79,66,4,207,161.0,84.0,.,.,200,.,165,.,2005,47300
365,201,136,28,.,.,143,93.0,48.0,.,21,215,.,128,1,2005,49700
365,130,204,29,2,.,156,97.0,57.0,.,.,115,.,249,1,2005,12260
365,165,184,16,.,.,140,84.0,53.0,.,1,100,13,250,1,2005,16700
365,93,201,56,14,1,206,126.0,64.0,.,6,144,16,199,.,2005,16740
365,106,224,31,4,.,177,100.0,61.0,.,1,98,63,167,36,2005,17900
319,209,90,19,1,.,151,84.0,44.0,.,.,244,.,75,.,2005,22500
359,279,64,16,.,.,140,80.0,39.0,.,.,359,.,.,.,2005,23500
365,253,106,6,.,.,117,70.0,35.0,.,.,.,56,73,236,2005,23860
365,108,222,33,2,.,159,99.0,61.0,.,6,108,4,246,1,2005,24860
264,142,106,15,1,.,154,93.0,49.0,.,.,177,.,87,.,2005,24940
90,48,40,2,.,.,117,68.0,47.0,.,.,.,.,90,.,2005,25940
119,64,54,1,.,.,121,72.0,49.0,.,.,.,.,119,.,2005,34820
362,272,81,8,1,.,156,71.0,42.0,.,.,313,4,45,.,2005,42860
354,143,175,34,2,.,151,101.0,55.5,.,.,128,.,222,4,2005,43900
284,226,50,8,.,.,126,74.0,37.0,.,.,284,.,.,.,2005,47500
122,100,22,.,.,.,81,61.0,32.5,.,.,.,.,121,1,2005,10100
136,109,27,.,.,.,83,60.0,29.0,.,.,.,.,106,30,2005,15100
365,221,140,4,.,.,122,69.0,47.0,.,.,243,.,28,94,2005,39660
124,84,39,1,.,.,130,67.0,37.0,.,.,.,.,116,8,2005,43580
365,284,79,2,.,.,105,67.0,38.0,.,13,258,8,76,10,2005,43620
123,85,38,.,.,.,82,68.0,36.0,.,.,.,.,120,3,2005,47980
358,257,88,13,.,.,130,74.0,28.5,.,144,.,112,92,10,2005,11940
288,126,134,26,2,.,185,100.0,54.0,.,.,189,.,98,1,2005,16860
365,196,134,34,1,.,153,100.0,49.0,.,.,245,49,71,.,2005,17300
365,319,39,6,1,.,200,54.0,27.0,.,154,.,181,.,30,2005,17420
121,58,58,4,1,.,152,79.0,52.0,.,.,.,.,121,.,2005,18260
111,50,59,2,.,.,131,76.0,52.0,.,.,.,.,111,.,2005,20540
104,79,25,.,.,.,78,58.0,33.5,.,.,.,.,73,31,2005,27180
365,115,150,93,7,.,171,122.0,67.0,1,22,109,183,50,.,2005,28700
365,30,205,118,12,.,170,133.0,87.0,.,.,123,150,91,1,2005,28940
118,67,48,3,.,.,109,73.0,45.0,.,.,.,.,118,.,2005,29980
365,82,191,78,13,1,202,129.0,67.0,.,3,135,38,187,2,2005,32820
240,120,87,30,3,.,200,112.0,50.5,.,.,240,.,.,.,2005,34100
365,93,217,49,6,.,179,112.0,61.0,.,4,117,1,243,.,2005,34980
361,204,125,29,3,.,156,100.0,47.0,.,.,361,.,.,.,2005,42940
59,59,.,.,.,.,47,39.0,31.0,.,2,56,1,.,.,2005,46100
363,335,28,.,.,.,72,46.0,25.0,.,.,.,.,363,.,2005,11100
365,215,132,15,3,.,156,90.0,46.0,.,4,194,.,167,.,2005,12420
353,86,201,61,4,1,204,115.0,64.0,.,.,127,87,139,.,2005,13140
361,221,136,4,.,.,133,70.0,45.0,1,.,93,.,265,2,2005,15180
365,226,137,2,.,.,113,71.0,46.0,.,.,111,15,238,1,2005,18580
365,95,171,59,36,4,213,154.0,65.0,.,16,166,59,124,.,2005,19100
129,97,32,.,.,.,84,57.0,35.0,.,.,.,.,129,.,2005,20580
365,90,233,37,5,.,185,104.0,62.0,.,14,132,1,163,55,2005,21340
363,42,205,72,37,7,219,156.0,71.0,.,10,150,50,137,16,2005,26420
346,257,87,2,.,.,114,60.0,39.0,.,.,.,.,346,.,2005,28780
365,244,118,3,.,.,104,64.0,44.0,2,.,110,.,221,32,2005,29700
364,230,100,30,4,.,172,100.0,42.0,.,12,303,18,31,.,2005,30980
171,130,41,.,.,.,81,56.0,33.0,.,.,.,.,171,.,2005,31180
362,189,151,21,1,.,154,92.0,48.5,.,.,176,.,186,.,2005,32220
365,219,139,7,.,.,122,75.0,46.0,.,.,107,.,252,6,2005,32580
365,308,57,.,.,.,85,54.0,31.0,.,.,.,.,365,.,2005,36220
365,198,140,23,4,.,164,93.0,49.0,.,28,192,.,144,1,2005,41700
117,66,50,1,.,.,101,73.0,47.0,.,.,.,.,117,.,2005,45500
365,247,86,31,1,.,156,100.0,43.0,.,6,359,.,.,.,2005,46340
357,294,57,6,.,.,147,67.0,34.0,.,.,357,.,.,.,2005,47020
288,225,63,.,.,.,85,64.0,35.0,.,.,.,.,288,.,2005,48660
365,221,106,23,15,.,167,105.0,47.0,.,74,143,.,144,4,2005,30860
365,200,132,25,7,1,203,95.0,49.0,6,149,165,1,30,14,2005,36260
365,221,122,18,3,1,207,90.0,46.0,.,126,139,.,94,6,2005,39340
355,233,101,17,3,1,204,84.0,46.0,.,.,353,.,2,.,2005,41100
365,163,140,54,8,.,187,117.0,54.0,.,93,117,18,124,13,2005,41620
45,45,.,.,.,.,19,13.0,5.0,.,.,.,.,.,45,2005,46860
340,283,48,9,.,.,136,58.0,40.0,.,.,286,.,54,.,2005,13540
244,152,78,14,.,.,140,81.0,46.0,.,.,154,.,90,.,2005,13620
365,298,62,5,.,.,143,60.0,39.0,1,25,269,.,70,.,2005,15540
362,319,39,4,.,.,133,54.0,36.0,.,.,328,.,34,.,2005,17200
365,306,57,2,.,.,107,59.0,26.0,5,202,.,60,96,2,2005,40860
359,261,85,13,.,.,150,84.0,43.0,.,.,359,.,.,.,2005,13980
86,43,43,.,.,.,96,82.0,50.5,.,.,.,.,86,.,2005,14140
59,59,.,.,.,.,36,32.0,19.0,.,.,.,.,.,59,2005,16820
365,364,1,.,.,.,51,39.0,27.0,.,348,.,5,.,12,2005,25500
365,115,150,93,7,.,171,122.0,67.0,1,22,109,183,50,.,2005,28700
121,65,54,2,.,.,107,81.0,48.0,.,.,.,.,121,.,2005,31340
365,119,192,46,8,.,200,115.0,58.0,.,24,117,72,152,.,2005,40060
365,222,127,16,.,.,129,84.0,43.0,3,84,156,22,96,4,2005,40220
365,162,183,19,1,.,151,87.0,53.0,.,.,137,39,189,.,2005,47260
365,104,198,45,18,.,187,126.0,61.0,.,35,127,32,166,5,2005,47900
238,159,64,15,.,.,136,87.0,44.0,.,.,209,.,.,29,2005,49020
365,348,17,.,.,.,61,40.0,22.0,.,.,.,.,365,.,2005,10140
365,328,37,.,.,.,80,51.0,28.0,.,.,92,.,273,.,2005,13380
190,186,4,.,.,.,61,42.5,29.5,.,.,103,.,87,.,2005,16500
355,301,54,.,.,.,91,56.0,29.0,.,.,.,.,355,.,2005,21260
365,302,60,1,1,1,486,56.0,31.0,.,.,.,.,313,52,2005,28420
336,320,16,.,.,.,67,39.0,20.0,.,.,.,.,305,31,2005,30300
310,275,35,.,.,.,100,54.0,18.0,.,.,.,.,300,10,2005,31020
365,335,30,.,.,.,68,46.0,24.0,.,.,.,.,365,.,2005,34180
365,360,4,1,.,.,103,39.0,28.0,.,29,293,12,31,.,2005,34580
365,278,85,2,.,.,130,65.0,34.0,.,.,95,.,270,.,2005,36500
365,352,13,.,.,.,63,38.0,22.0,.,.,.,.,365,.,2005,36830
365,275,89,1,.,.,111,63.0,33.0,.,.,94,.,271,.,2005,38820
365,223,127,12,3,.,156,80.0,42.0,1,1,107,.,255,1,2005,38900
365,353,12,.,.,.,60,36.0,21.0,.,.,.,.,365,.,2005,39420
365,165,175,24,1,.,154,91.0,53.0,.,7,67,1,290,.,2005,42660
365,306,59,.,.,.,86,56.0,27.0,.,.,.,.,365,.,2005,43220
365,187,168,10,.,.,107,81.0,50.0,1,.,121,.,231,12,2005,44060
365,297,66,2,.,.,125,62.0,29.0,.,.,.,.,230,135,2005,47460
349,258,89,2,.,.,115,64.0,30.0,.,.,.,.,349,.,2005,48300
365,281,70,13,1,.,151,76.0,25.0,1,.,.,.,339,25,2005,49420
117,61,56,.,.,.,94,81.0,46.0,.,.,.,.,117,.,2005,13220
86,43,43,.,.,.,96,82.0,50.5,.,.,.,.,86,.,2005,14140
365,185,154,24,2,.,154,90.0,50.0,.,.,122,125,103,15,2005,16620
119,46,72,1,.,.,113,81.0,53.0,.,.,.,.,119,.,2005,17220
118,39,77,2,.,.,122,82.0,55.5,.,.,.,.,118,.,2005,21900
267,118,123,24,2,.,164,100.0,54.0,.,.,172,.,95,.,2005,25180
365,143,186,34,2,.,173,100.0,57.0,.,26,135,114,89,1,2005,26580
365,198,115,49,3,.,192,109.0,46.0,.,.,119,172,74,.,2005,34060
363,174,147,37,5,.,169,105.0,54.0,.,.,114,180,69,.,2005,37620
345,293,41,10,1,.,154,64.0,23.0,.,.,.,345,.,.,2005,38580
365,104,198,45,18,.,187,126.0,61.0,.,35,127,32,166,5,2005,47900
365,43,152,150,20,.,200,136.0,93.0,1,.,46,290,28,.,2005,48260
365,98,159,98,10,.,200,123.0,74.0,.,.,97,227,41,.,2005,48540
238,159,64,15,.,.,136,87.0,44.0,.,.,209,.,.,29,2005,49020
245,155,74,16,.,.,143,87.0,42.0,.,.,169,.,76,.,2005,11540
365,267,87,11,.,.,147,75.0,41.0,.,.,305,.,60,.,2005,12660
365,210,132,21,2,.,158,89.0,46.0,.,.,211,.,153,1,2005,13180
365,40,231,68,24,2,208,130.0,77.0,.,45,77,77,157,9,2005,16980
365,260,99,6,.,.,133,69.0,41.0,.,.,183,.,180,2,2005,20260
41,41,.,.,.,.,47,27.0,12.0,.,.,.,.,.,41,2005,20740
186,124,45,16,1,.,156,100.0,44.0,.,.,186,.,.,.,2005,22540
355,229,97,24,5,.,192,95.0,39.0,.,.,150,137,68,.,2005,24580
195,156,36,3,.,.,133,74.0,38.0,.,.,174,.,21,.,2005,27020
185,119,52,14,.,.,150,97.0,44.0,.,.,185,.,.,.,2005,27500
7,2,5,.,.,.,94,94.0,64.0,.,.,.,.,7,.,2005,29100
259,145,96,18,.,.,150,93.0,46.0,.,.,170,.,89,.,2005,31540
239,152,62,16,7,2,205,103.0,42.0,.,2,161,.,76,.,2005,31820
365,212,112,28,11,2,205,104.0,45.0,3,63,171,9,95,24,2005,33340
365,150,188,20,7,.,161,93.0,56.0,.,3,116,22,222,2,2005,33460
122,71,47,4,.,.,114,78.0,40.0,.,.,.,.,122,.,2005,38420
185,131,34,13,7,.,182,105.0,42.0,.,.,185,.,.,.,2005,39540
202,140,34,17,9,2,205,126.0,42.0,.,.,185,.,.,17,2005,43100
185,116,52,16,1,.,159,100.0,45.0,.,.,185,.,.,.,2005,48020
186,143,37,5,1,.,156,80.0,43.0,.,.,186,.,.,.,2005,48140
186,114,50,20,2,.,161,105.0,45.5,.,.,186,.,.,.,2005,48580
365,257,100,8,.,.,147,74.0,44.0,17,.,307,.,41,.,2005,14500
268,248,19,1,.,.,108,46.0,14.0,.,.,.,.,.,268,2005,14720
54,54,.,.,.,.,31,27.0,16.5,.,.,.,.,.,54,2005,15860
365,256,95,13,1,.,151,77.0,44.0,3,.,326,.,28,8,2005,17820
365,109,215,39,2,.,164,103.0,58.0,.,97,162,5,71,30,2005,19740
365,222,138,5,.,.,140,77.0,47.0,.,8,349,.,.,8,2005,20420
365,236,117,11,1,.,151,80.0,48.0,.,.,351,.,14,.,2005,22660
357,348,9,.,.,.,69,34.0,18.0,.,.,.,.,1,356,2005,24060
365,322,42,1,.,.,122,52.0,29.0,7,.,.,.,94,264,2005,24300
365,244,102,19,.,.,147,84.0,44.0,27,.,301,.,37,.,2005,24540
124,119,5,.,.,.,63,43.0,29.0,.,.,.,.,107,17,2005,39380
329,312,17,.,.,.,66,38.0,17.0,.,.,.,.,14,315,2005,44460
91,91,.,.,.,.,41,26.0,14.0,.,.,.,.,.,91,2005,16220
111,111,.,.,.,.,43,30.0,17.0,.,.,.,.,91,20,2005,16940
365,199,154,12,.,.,131,77.0,49.0,.,28,140,44,13,140,2005,23940
364,313,50,1,.,.,106,54.0,43.5,10,.,330,.,21,3,2005,27220
359,268,91,.,.,.,100,61.0,46.0,.,.,354,.,.,5,2005,29660
182,158,23,1,.,.,105,56.0,16.0,.,.,.,60,88,34,2005,40180
365,336,27,1,1,.,193,46.0,20.0,.,.,.,.,.,365,2005,40540
246,184,61,1,.,.,106,61.0,31.5,.,.,.,.,72,174,2005,43260
107,100,7,.,.,.,65,49.0,20.0,.,.,.,.,107,.,2005,10260
318,278,39,1,.,.,107,54.0,17.0,.,.,.,318,.,.,2005,17640
340,327,13,.,.,.,74,32.0,7.0,.,.,.,221,72,47,2005,25020
106,89,17,.,.,.,83,56.0,24.0,.,.,.,.,106,.,2005,32420
119,85,34,.,.,.,77,61.0,35.0,.,.,.,.,70,49,2005,38660
365,278,85,2,.,.,106,60.0,38.0,30,2,.,43,180,110,2005,41980
365,236,93,20,12,4,205,99.0,44.0,1,81,157,55,71,.,2005,14860
365,220,119,16,8,2,205,93.0,45.0,11,47,169,5,133,.,2005,25540
365,174,155,28,7,1,203,100.0,52.0,.,68,94,18,185,.,2005,35300
237,157,64,13,3,.,169,87.0,45.0,.,.,164,.,73,.,2005,35980
300,225,51,17,7,.,185,87.0,39.0,.,.,249,.,51,.,2005,45860
365,226,117,18,4,.,195,87.0,45.0,.,13,193,1,155,3,2005,49340
265,150,93,20,2,.,154,97.0,47.0,.,.,192,.,73,.,2005,20100
365,69,210,60,25,1,206,139.0,71.0,.,17,114,87,145,2,2005,37980
263,131,102,23,6,1,206,105.0,51.0,.,.,193,.,70,.,2005,41540
365,104,198,45,18,.,187,126.0,61.0,.,35,127,32,166,5,2005,47900
364,304,56,4,.,.,140,58.0,38.0,.,.,315,.,41,8,2005,15980
365,299,63,3,.,.,133,59.0,38.0,.,.,283,.,64,18,2005,19660
365,267,89,9,.,.,126,74.0,40.0,.,.,302,.,60,3,2005,23540
121,96,24,1,.,.,103,56.0,33.0,.,.,.,.,121,.,2005,26140
365,121,213,28,3,.,175,97.0,57.0,.,1,89,82,187,6,2005,27260
363,296,60,7,.,.,126,67.0,36.0,.,.,363,.,.,.,2005,29380
365,277,78,10,.,.,150,71.0,39.0,.,.,291,5,61,8,2005,29460
365,158,195,11,1,.,160,79.0,52.0,.,9,92,12,252,.,2005,33100
363,271,90,2,.,.,119,58.0,39.0,.,.,142,.,221,.,2005,34940
365,259,86,19,1,.,151,84.0,43.0,.,4,312,4,34,11,2005,35840
363,281,74,8,.,.,136,71.0,38.0,.,.,302,.,61,.,2005,36100
365,192,152,16,5,.,182,84.0,49.0,1,3,153,.,208,.,2005,36740
365,334,29,2,.,.,109,46.0,22.0,.,.,.,100,.,265,2005,37260
365,307,51,7,.,.,126,61.0,38.0,.,.,317,.,40,8,2005,37340
360,251,94,15,.,.,147,80.0,42.0,.,.,298,.,51,11,2005,37460
364,125,200,38,1,.,154,101.0,58.0,.,.,139,36,189,.,2005,37860
352,262,87,3,.,.,121,64.0,40.0,.,5,176,.,171,.,2005,38940
343,285,52,6,.,.,136,71.0,38.0,.,.,343,.,.,.,2005,42680
358,314,39,5,.,.,112,58.0,37.0,.,.,358,.,.,.,2005,42700
365,142,209,12,2,.,161,84.0,55.0,.,.,97,.,268,.,2005,45220
365,79,218,63,5,.,176,112.0,63.0,.,.,96,95,168,6,2005,45300
365,26,270,59,10,.,179,120.0,75.0,36,.,50,7,239,33,2005,13820
365,150,200,14,1,.,156,88.0,55.0,.,.,88,3,273,1,2005,17980
254,158,86,10,.,.,147,80.0,46.0,.,.,170,.,84,.,2005,19300
285,154,111,20,.,.,136,97.0,49.0,.,.,198,.,87,.,2005,19460
265,186,77,2,.,.,124,71.0,44.0,.,.,170,.,95,.,2005,20020
59,35,23,1,.,.,119,68.0,47.0,.,.,.,.,59,.,2005,21640
365,255,100,10,.,.,126,75.0,43.0,.,.,186,94,85,.,2005,22520
358,248,102,8,.,.,140,74.0,43.0,.,.,274,.,84,.,2005,22840
280,157,115,8,.,.,120,80.0,47.0,.,.,186,.,89,5,2005,23460
364,228,115,21,.,.,133,88.0,44.0,.,.,276,.,82,6,2005,26620
353,229,117,6,1,.,154,80.0,44.0,.,.,174,28,79,72,2005,33660
285,168,114,3,.,.,133,79.0,48.0,.,.,183,.,102,.,2005,33860
364,322,35,7,.,.,131,56.0,10.5,.,3,17,344,.,.,2005,42460
281,204,75,2,.,.,110,68.0,41.0,.,.,173,.,107,1,2005,45180
56,55,1,.,.,.,51,31.0,19.0,.,.,.,.,.,56,2005,45980
274,158,106,9,1,.,164,81.0,47.0,.,.,182,.,92,.,2005,46220
308,258,46,4,.,.,133,60.0,22.5,99,.,.,.,101,108,2006,11260
338,224,93,19,2,.,156,89.0,32.0,2,.,.,.,336,.,2006,21820
108,88,18,2,.,.,133,67.0,21.5,.,.,.,.,106,2,2006,27940
116,52,64,.,.,.,100,73.0,53.0,.,.,.,.,111,5,2006,10500
243,153,80,9,1,.,156,87.0,47.0,.,.,243,.,.,.,2006,11140
365,135,200,25,5,.,161,100.0,57.0,.,.,132,.,233,.,2006,12020
365,53,220,62,23,7,217,140.0,72.0,.,7,128,29,201,.,2006,12060
365,127,213,22,3,.,169,93.0,58.0,.,.,153,.,212,.,2006,12260
282,206,75,1,.,.,122,64.0,43.0,.,.,192,.,88,2,2006,15260
293,123,139,27,4,.,169,101.0,54.0,.,.,195,.,93,5,2006,16860
365,137,211,14,3,.,154,89.0,58.0,.,.,98,.,267,.,2006,17980
265,144,109,12,.,.,150,93.0,49.0,.,.,208,.,57,.,2006,19140
58,23,35,.,.,.,84,73.0,54.5,.,.,.,.,58,.,2006,20060
11,6,5,.,.,.,77,63.0,35.0,.,.,.,.,11,.,2006,21640
110,44,66,.,.,.,89,74.0,54.0,.,.,.,.,110,.,2006,23580
365,132,209,21,3,.,164,97.0,58.0,.,.,109,8,248,.,2006,31420
353,302,42,9,.,.,141,59.0,7.0,.,.,.,353,.,.,2006,33300
358,231,116,10,1,.,155,78.0,31.0,.,.,.,252,106,.,2006,40660
365,125,230,10,.,.,145,82.0,57.0,.,.,27,57,281,.,2006,42340
263,194,60,9,.,.,143,74.0,44.0,.,.,243,.,.,20,2006,44900
61,29,32,.,.,.,81,65.0,52.0,.,.,.,.,61,.,2006,46660
60,18,42,.,.,.,87,72.5,55.5,.,.,.,.,60,.,2006,47580
365,235,13,20,96,1,249,200.0,7.0,.,.,.,314,51,.,2006,25900
346,340,6,.,.,.,88,31.0,19.0,.,.,.,.,66,280,2006,27980
335,335,.,.,.,.,31,19.0,10.0,.,.,.,.,.,335,2006,28180
365,355,9,1,.,.,149,34.0,21.0,8,28,132,28,54,115,2006,46520
365,162,171,30,2,.,164,97.0,53.0,1,.,132,.,222,10,2006,14260
365,270,91,4,.,.,132,67.0,39.0,.,15,102,.,247,1,2006,17660
303,290,13,.,.,.,83,38.0,21.0,.,.,.,.,303,.,2006,26820
364,255,108,1,.,.,140,71.0,44.0,16,.,326,.,19,3,2006,27220
337,293,38,6,.,.,121,53.0,23.0,.,.,.,.,308,29,2006,30300
365,185,171,8,1,.,152,77.0,50.0,.,19,202,.,144,.,2006,30860
342,315,21,6,.,.,140,43.0,16.0,.,.,.,.,342,.,2006,34140
365,209,151,5,.,.,146,70.0,47.0,.,.,.,133,216,16,2006,38540
351,349,2,.,.,.,57,29.0,14.0,.,.,.,.,.,351,2006,41760
307,272,35,.,.,.,79,52.0,29.0,.,.,.,.,307,.,2006,46300
365,280,78,7,.,.,119,68.0,35.0,.,.,334,.,31,.,2006,14010
60,59,1,.,.,.,53,28.5,19.0,.,.,.,.,.,60,2006,16060
365,265,97,3,.,.,129,70.0,39.0,.,.,302,.,63,.,2006,16580
365,24,299,38,4,.,164,102.0,71.0,.,77,46,100,136,6,2006,16980
365,148,211,6,.,.,115,77.0,54.0,.,4,82,2,164,113,2006,19340
364,267,91,6,.,.,129,67.0,39.0,.,.,268,51,45,.,2006,19500
216,182,32,2,.,.,112,58.0,39.0,.,.,216,.,.,.,2006,20820
116,116,.,.,.,.,50,34.0,20.0,.,.,.,.,.,116,2006,22800
251,178,73,.,.,.,100,71.0,43.0,.,.,211,.,40,.,2006,34500
365,259,69,29,8,.,200,101.0,28.0,.,.,.,89,92,184,2006,36860
365,222,133,10,.,.,147,77.0,44.0,.,53,176,54,82,.,2006,37140
365,209,129,18,9,.,200,90.0,46.0,10,.,167,130,57,1,2006,37900
362,291,67,4,.,.,119,67.0,37.0,.,.,307,19,36,.,2006,39500
365,326,39,.,.,.,95,53.0,32.0,19,.,308,.,38,.,2006,40420
365,18,182,125,40,.,200,154.0,96.0,.,28,61,156,72,48,2006,41180
365,284,74,7,.,.,120,67.0,37.0,3,.,274,53,35,.,2006,44100
183,103,70,10,.,.,136,87.0,49.0,.,.,183,.,.,.,2006,14020
365,24,299,38,4,.,164,102.0,71.0,.,77,46,100,136,6,2006,16980
365,137,171,48,9,.,182,112.0,61.0,.,31,138,125,71,.,2006,17140
240,160,78,2,.,.,133,71.5,45.0,.,.,147,.,93,.,2006,21140
365,79,191,78,17,.,200,122.0,70.0,.,.,73,170,122,.,2006,21780
365,197,159,9,.,.,126,74.0,48.0,.,.,84,.,274,7,2006,23060
177,124,47,6,.,.,119,74.0,45.0,.,.,177,.,.,.,2006,26540
365,77,232,55,1,.,156,107.0,66.0,.,1,70,106,188,.,2006,26900
363,223,107,32,1,.,163,96.0,34.0,.,.,.,269,94,.,2006,27540
114,59,55,.,.,.,90,71.0,48.0,.,.,.,.,114,.,2006,29020
364,194,166,4,.,.,119,74.0,48.0,.,.,69,.,295,.,2006,29200
365,79,206,70,10,.,200,119.0,66.0,.,3,88,121,153,.,2006,31140
363,277,79,7,.,.,133,64.0,34.0,.,.,154,125,84,.,2006,33140
240,146,88,6,.,.,126,77.5,47.0,.,.,156,.,84,.,2006,34620
111,63,48,.,.,.,86,73.0,46.0,.,.,.,.,111,.,2006,35220
365,292,65,8,.,.,130,71.0,21.0,.,.,.,365,.,.,2006,39980
183,115,60,8,.,.,133,84.0,46.0,.,.,183,.,.,.,2006,42980
365,259,98,8,.,.,133,71.0,39.0,.,126,161,.,78,.,2006,43780
365,223,118,24,.,.,132,90.0,45.0,.,.,117,176,72,.,2006,45460
362,248,107,7,.,.,147,77.0,39.0,.,.,282,.,80,.,2006,47180
333,289,43,1,.,.,105,58.0,34.0,.,.,333,.,.,.,2006,47340
342,273,43,26,.,.,147,89.0,16.0,.,.,.,342,.,.,2006,47780
184,163,21,.,.,.,97,51.0,39.0,.,.,184,.,.,.,2006,11180
365,247,108,10,.,.,126,75.0,44.0,8,.,148,147,62,.,2006,16300
365,274,88,3,.,.,139,66.0,38.0,.,.,161,110,94,.,2006,17540
365,148,211,6,.,.,115,77.0,54.0,.,4,82,2,164,113,2006,19340
365,258,105,2,.,.,105,65.0,42.0,4,33,149,.,179,.,2006,19780
116,116,.,.,.,.,50,34.0,20.0,.,.,.,.,.,116,2006,22800
120,82,37,1,.,.,104,67.0,39.5,.,.,.,.,120,.,2006,26980
365,315,50,.,.,.,95,54.0,28.0,.,.,.,.,.,365,2006,32380
365,232,97,36,.,.,146,100.0,33.0,.,.,.,278,77,10,2006,34700
365,140,207,18,.,.,134,87.0,56.0,.,.,70,17,214,64,2006,36540
122,83,39,.,.,.,88,66.0,38.0,.,.,.,.,110,12,2006,43580
260,203,56,1,.,.,102,62.0,41.0,.,.,185,.,74,1,2006,47940
364,360,4,.,.,.,72,36.0,21.0,.,.,.,6,.,358,2006,17700
23,21,2,.,.,.,66,34.0,18.0,.,.,.,.,.,23,2006,19980
116,102,14,.,.,.,74,54.0,26.0,.,.,.,.,116,.,2006,21380
365,88,194,69,13,1,201,122.0,65.0,.,10,124,85,143,3,2006,28140
248,165,65,18,.,.,150,90.0,44.0,.,.,248,.,.,.,2006,29940
363,257,87,18,1,.,156,84.0,41.0,.,.,363,.,.,.,2006,31740
163,90,73,.,.,.,83,66.0,45.0,.,.,.,.,153,10,2006,41140
159,131,28,.,.,.,78,57.0,33.0,.,.,47,.,104,8,2006,45820
365,238,102,24,1,.,151,93.0,44.0,6,23,286,.,29,21,2006,48620
365,241,117,7,.,.,136,79.0,43.0,.,11,267,2,85,.,2006,14540
365,137,171,48,9,.,182,112.0,61.0,.,31,138,125,71,.,2006,17140
365,186,147,29,3,.,200,97.0,50.0,.,.,238,38,89,.,2006,17300
287,171,104,12,.,.,136,84.0,46.0,.,.,196,.,89,2,2006,21060
365,79,191,78,17,.,200,122.0,70.0,.,.,73,170,122,.,2006,21780
118,68,49,1,.,.,105,71.0,44.5,.,.,.,.,118,.,2006,23180
365,160,171,30,4,.,171,94.0,53.0,.,9,157,124,74,1,2006,26580
365,236,119,10,.,.,126,77.0,44.0,.,62,164,34,105,.,2006,30460
12,8,4,.,.,.,71,65.0,35.0,.,.,.,.,12,.,2006,30940
365,79,206,70,10,.,200,119.0,66.0,.,3,88,121,153,.,2006,31140
267,183,83,1,.,.,101,71.0,45.0,.,.,214,.,52,1,2006,33180
365,221,127,16,1,.,161,84.0,44.0,.,26,187,84,68,.,2006,36980
365,222,133,10,.,.,147,77.0,44.0,.,53,176,54,82,.,2006,37140
125,76,49,.,.,.,94,70.0,44.0,.,.,.,.,118,7,2006,40080
254,206,48,.,.,.,87,64.0,40.0,.,.,245,.,.,9,2006,43700
122,82,40,.,.,.,89,70.0,40.0,.,.,.,.,122,.,2006,10780
365,70,213,65,17,.,195,129.0,70.0,.,4,132,57,169,3,2006,12940
120,64,56,.,.,.,89,74.5,49.0,.,.,.,.,120,.,2006,25220
365,202,146,14,3,.,182,87.0,48.0,.,.,178,.,187,.,2006,26380
365,267,84,12,2,.,169,87.0,40.0,.,.,294,.,71,.,2006,29180
365,190,158,15,2,.,177,84.0,50.0,.,1,154,7,203,.,2006,29340
364,269,85,10,.,.,126,74.0,40.0,.,.,292,3,69,.,2006,33740
285,178,96,11,.,.,136,84.0,46.0,.,.,213,.,72,.,2006,35020
365,129,205,28,3,.,174,97.0,57.0,.,6,164,.,192,3,2006,35380
365,174,155,32,4,.,159,100.0,52.0,.,.,211,2,151,1,2006,43340
212,192,18,2,.,.,119,50.0,32.5,.,.,181,.,.,31,2006,12300
365,339,25,1,.,.,122,47.0,32.0,.,.,343,.,21,1,2006,12620
132,120,10,2,.,.,129,48.0,24.0,.,.,85,.,.,47,2006,30340
365,316,41,8,.,.,140,61.0,34.0,.,81,239,17,23,5,2006,38860
182,154,23,5,.,.,133,61.0,38.0,.,.,182,.,.,.,2006,40500
361,211,147,3,.,.,122,84.0,48.0,.,.,354,.,7,.,2006,22380
122,116,6,.,.,.,73,41.0,22.0,.,.,.,.,100,22,2006,29420
333,145,145,39,4,.,176,108.0,55.0,.,.,.,.,32,301,2006,35700
365,80,157,117,11,.,200,130.0,81.0,.,.,105,216,8,36,2006,37740
365,11,87,110,98,59,974,306.0,140.0,.,10,65,1,6,283,2006,38060
124,123,1,.,.,.,51,28.0,14.0,.,.,.,.,101,23,2006,39140
57,57,.,.,.,.,46,35.0,19.0,.,.,.,.,.,57,2006,40940
328,230,92,6,.,.,150,74.0,45.0,.,.,306,.,15,7,2006,43320
360,252,99,9,.,.,119,74.0,46.0,.,.,323,.,27,10,2006,43420
365,196,150,19,.,.,143,90.0,50.0,.,.,280,.,16,69,2006,46060
365,187,164,14,.,.,146,74.0,50.0,.,9,180,.,.,176,2006,49740
365,124,186,40,14,1,205,115.0,61.0,.,11,128,16,210,.,2006,12580
363,259,77,26,1,.,156,93.0,40.0,.,.,363,.,.,.,2006,15700
274,155,102,16,1,.,159,90.0,48.0,.,.,173,.,101,.,2006,25180
365,76,208,62,17,2,210,126.0,69.0,.,14,93,84,173,1,2006,37980
267,140,106,19,2,.,159,93.0,50.0,.,.,197,.,70,.,2006,41540
365,140,169,35,18,3,221,115.0,57.0,1,40,153,18,151,2,2006,47900
243,179,47,14,2,1,201,87.0,42.0,.,2,179,.,62,.,2006,12700
365,158,173,31,3,.,159,100.0,53.0,.,27,101,29,208,.,2006,14460
365,228,129,8,.,.,140,77.0,42.0,.,.,130,.,235,.,2006,38340
365,201,139,21,3,1,226,90.0,48.0,.,17,129,53,166,.,2006,39300
365,220,124,16,4,1,215,88.0,45.0,.,6,218,3,138,.,2006,44140
232,181,41,6,2,2,207,72.0,39.0,.,.,159,.,73,.,2006,47240
365,246,102,13,4,.,172,82.0,41.0,.,9,220,.,136,.,2006,49340
172,121,47,4,.,.,140,77.0,44.0,.,.,172,.,.,.,2006,10300
364,268,86,10,.,.,126,74.0,39.0,.,.,295,.,69,.,2006,11460
74,45,28,1,.,.,123,69.0,32.5,.,.,.,.,74,.,2006,13020
359,301,47,9,2,.,182,58.0,37.0,.,.,316,.,43,.,2006,15620
365,114,183,65,3,.,190,114.0,64.0,.,14,82,120,139,10,2006,19820
361,270,86,5,.,.,143,69.0,33.0,.,.,164,118,79,.,2006,22420
365,236,112,13,4,.,200,77.0,43.0,1,82,151,.,131,.,2006,24340
286,191,78,13,4,.,185,84.0,43.0,.,.,172,.,114,.,2006,26090
118,112,6,.,.,.,73,38.0,12.0,.,.,.,.,118,.,2006,26340
248,214,33,1,.,.,101,54.0,37.0,.,.,188,.,60,.,2006,27020
241,152,86,3,.,.,119,74.0,46.0,.,.,158,.,83,.,2006,28020
242,154,81,7,.,.,126,71.0,44.0,.,.,163,.,79,.,2006,29620
158,128,22,6,2,.,197,77.0,38.5,.,.,158,.,.,.,2006,31220
120,62,56,2,.,.,115,75.0,49.0,.,.,.,.,120,.,2006,33780
223,151,59,8,5,.,192,87.0,43.0,.,.,174,.,49,.,2006,34740
229,160,60,8,1,.,151,77.0,44.0,.,.,175,.,54,.,2006,35660
97,78,17,2,.,.,132,59.0,28.0,.,.,.,.,97,.,2006,42300
365,259,98,8,.,.,133,71.0,39.0,.,126,161,.,78,.,2006,43780
183,139,34,8,2,.,197,80.0,42.0,.,.,183,.,.,.,2006,45900
346,286,57,3,.,.,129,61.0,33.0,.,.,129,.,217,.,2006,14660
365,246,119,.,.,.,97,63.0,44.0,.,.,171,.,191,3,2006,20260
364,316,47,1,.,.,118,54.0,37.0,.,22,266,.,62,14,2006,22020
119,69,49,1,.,.,117,71.0,43.0,.,.,.,.,119,.,2006,29100
358,281,75,2,.,.,105,62.0,38.0,.,.,123,.,235,.,2006,32140
365,168,187,10,.,.,140,81.0,52.0,.,4,133,16,208,4,2006,33460
154,122,31,1,.,.,119,67.0,43.5,.,.,154,.,.,.,2006,39860
363,260,98,5,.,.,124,67.0,42.0,.,.,154,.,209,.,2006,40340
365,304,61,.,.,.,87,56.0,34.0,19,.,140,.,206,.,2006,41060
114,101,13,.,.,.,79,51.0,25.0,.,.,.,.,114,.,2006,49100
365,197,146,22,.,.,133,87.0,48.0,.,.,130,.,235,.,2006,17380
118,64,53,1,.,.,104,71.0,47.5,.,.,.,.,118,.,2006,18060
10,7,3,.,.,.,57,55.0,35.0,.,.,.,.,10,.,2006,24980
365,141,193,27,4,.,169,94.0,55.0,.,.,89,13,263,.,2006,25060
118,53,65,.,.,.,96,73.0,52.0,.,.,.,.,118,.,2006,25620
365,183,170,12,.,.,150,77.0,50.0,.,.,128,.,237,.,2006,27140
120,51,69,.,.,.,98,75.5,53.0,.,.,.,.,120,.,2006,29860
365,88,219,50,8,.,200,113.0,63.0,.,5,122,40,198,.,2006,32820
324,176,135,13,.,.,143,84.0,49.0,.,.,189,.,135,.,2006,32940
285,178,96,11,.,.,136,84.0,46.0,.,.,213,.,72,.,2006,35020
365,174,180,11,.,.,140,84.0,51.0,.,.,103,.,262,.,2006,46180
118,100,18,.,.,.,77,55.0,31.0,.,.,.,.,118,.,2006,14700
60,40,20,.,.,.,73,60.5,41.5,.,.,.,.,60,.,2006,17860
89,88,1,.,.,.,54,42.0,30.0,.,.,89,.,.,.,2006,22220
116,116,.,.,.,.,50,34.0,20.0,.,.,.,.,.,116,2006,22800
351,304,45,2,.,.,120,54.0,23.0,.,.,.,.,.,351,2006,27900
365,88,194,69,13,1,201,122.0,65.0,.,10,124,85,143,3,2006,28140
362,291,67,4,.,.,119,67.0,37.0,.,.,307,19,36,.,2006,39500
163,90,73,.,.,.,83,66.0,45.0,.,.,.,.,153,10,2006,41140
365,18,182,125,40,.,200,154.0,96.0,.,28,61,156,72,48,2006,41180
365,182,159,23,1,.,151,93.0,51.0,2,55,140,124,44,.,2006,44180
365,189,165,11,.,.,123,82.0,50.0,.,3,126,204,32,.,2006,13740
365,317,45,2,1,.,188,55.0,18.0,26,.,.,.,338,1,2006,14580
365,317,42,6,.,.,145,55.0,22.0,71,.,.,.,103,191,2006,15580
365,348,17,.,.,.,84,39.0,11.0,152,.,.,116,97,.,2006,24500
357,314,42,1,.,.,102,51.0,22.0,.,.,.,.,73,284,2006,25740
365,300,64,1,.,.,105,58.0,38.0,13,.,207,.,58,87,2006,28060
359,306,48,3,2,.,160,57.0,25.0,31,.,.,.,126,202,2006,33540
119,106,13,.,.,.,68,52.0,26.0,.,.,.,.,119,.,2006,24260
62,50,12,.,.,.,94,54.0,31.0,.,.,.,.,.,62,2006,30420
365,343,22,.,.,.,87,45.0,27.0,106,.,185,.,74,.,2006,30700
365,140,207,18,.,.,134,87.0,56.0,.,.,70,17,214,64,2006,36540
109,102,7,.,.,.,83,39.0,21.0,.,.,.,.,109,.,2006,42420
122,83,39,.,.,.,88,66.0,38.0,.,.,.,.,110,12,2006,43580
361,291,67,3,.,.,115,67.0,37.0,154,.,207,.,.,.,2006,16180
333,314,19,.,.,.,90,45.0,21.0,.,.,.,.,18,315,2006,21220
214,170,43,1,.,.,112,64.0,44.0,.,.,214,.,.,.,2006,21980
49,49,.,.,.,.,35,25.0,14.0,49,.,.,.,.,.,2006,23820
365,89,213,57,6,.,182,115.0,65.0,1,32,215,.,98,19,2006,29820
365,314,48,1,1,1,455,53.0,31.0,.,.,.,.,.,365,2006,37220
365,214,136,15,.,.,122,87.0,47.0,.,55,271,.,23,16,2006,39900
245,180,62,3,.,.,129,64.0,40.0,.,.,168,.,77,.,2006,13620
365,158,173,31,3,.,159,100.0,53.0,.,27,101,29,208,.,2006,14460
362,316,44,2,.,.,122,54.0,34.0,.,.,331,.,31,.,2006,17200
365,206,106,53,.,.,146,107.0,44.0,.,.,94,222,49,.,2006,18180
214,175,37,2,.,.,115,64.0,38.5,.,.,170,.,44,.,2006,28300
208,179,27,2,.,.,112,54.0,35.0,.,.,165,.,43,.,2006,29060
365,282,70,12,1,.,151,64.0,34.0,12,82,160,53,58,.,2006,31700
345,300,45,.,.,.,100,61.0,35.0,.,.,345,.,.,.,2006,11660
365,317,48,.,.,.,89,55.0,9.0,.,.,.,254,111,.,2006,20980
89,88,1,.,.,.,54,42.0,30.0,.,.,89,.,.,.,2006,22220
311,190,107,14,.,.,140,87.0,47.0,.,2,185,.,80,44,2006,22900
363,246,113,4,.,.,122,77.0,44.0,.,.,339,.,24,.,2006,25460
117,78,39,.,.,.,89,65.0,44.0,.,.,.,.,117,.,2006,25760
109,61,48,.,.,.,89,66.0,46.0,.,.,.,.,109,.,2006,26300
365,144,200,15,6,.,166,87.0,54.0,.,2,124,.,239,.,2006,30780
365,88,219,50,8,.,200,113.0,63.0,.,5,122,40,198,.,2006,32820
116,64,52,.,.,.,84,66.0,47.5,.,.,.,.,116,.,2006,40780
119,69,50,.,.,.,96,67.0,47.0,.,.,.,.,119,.,2006,42620
117,61,54,2,.,.,108,67.0,49.0,.,.,.,.,117,.,2006,45500
365,158,173,25,9,.,200,97.0,55.0,.,11,72,97,169,16,2006,10900
360,265,83,10,2,.,172,74.0,38.0,.,.,277,2,81,.,2006,12100
365,71,226,47,19,2,226,124.0,67.0,.,42,105,45,173,.,2006,35620
365,76,208,62,17,2,210,126.0,69.0,.,14,93,84,173,1,2006,37980
365,254,81,24,6,.,195,93.0,41.0,.,52,256,.,56,1,2006,45940
354,196,140,16,2,.,177,84.0,47.0,.,.,163,1,190,.,2006,47220
365,77,261,24,1,2,212,97.0,63.0,.,7,168,.,25,165,2006,10740
365,263,79,22,1,.,161,87.0,44.0,.,1,353,1,10,.,2006,16100
199,196,3,.,.,.,65,44.0,35.0,.,4,154,.,.,41,2006,19700
111,111,.,.,.,.,47,18.0,8.0,.,.,.,.,111,.,2006,21580
365,185,156,23,1,.,154,93.0,50.0,.,56,264,35,10,.,2006,22140
361,264,90,7,.,.,129,80.0,42.0,.,33,295,.,31,2,2006,26020
365,124,202,27,7,5,396,101.0,58.0,.,5,184,.,31,145,2006,29740
116,116,.,.,.,.,33,20.0,10.0,.,.,.,.,116,.,2006,31060
126,122,4,.,.,.,64,41.0,24.0,.,.,.,.,115,11,2006,40740
102,101,1,.,.,.,59,25.0,13.0,.,.,.,.,102,.,2006,40760
365,364,1,.,.,.,59,26.0,15.0,29,.,.,.,328,8,2006,42140
360,305,53,2,.,.,112,57.0,42.0,.,.,343,2,11,4,2006,43500
352,326,26,.,.,.,68,49.0,22.0,.,.,.,.,207,145,2006,45340
365,306,50,8,1,.,159,67.0,35.0,2,.,319,8,36,.,2006,10580
365,227,115,21,2,.,151,88.0,43.0,.,75,176,47,67,.,2006,15380
365,281,78,6,.,.,115,66.0,38.0,.,.,231,.,134,.,2006,18500
365,335,29,1,.,.,115,49.0,32.0,.,.,339,26,.,.,2006,21300
348,308,39,1,.,.,119,53.0,35.0,.,.,335,.,13,.,2006,27060
365,268,74,22,1,.,151,87.0,40.0,.,.,295,35,35,.,2006,27460
365,323,37,5,.,.,129,54.0,36.0,.,.,359,6,.,.,2006,28740
365,347,15,3,.,.,133,44.0,19.0,.,.,181,72,.,112,2006,31660
365,71,226,47,19,2,226,124.0,67.0,.,42,105,45,173,.,2006,35620
105,91,14,.,.,.,85,55.0,19.0,.,.,.,.,105,.,2006,36300
365,296,62,7,.,.,143,61.0,34.0,3,.,246,52,64,.,2006,40380
365,307,53,5,.,.,140,61.0,36.0,4,.,333,7,21,.,2006,45060
363,335,26,2,.,.,115,48.0,34.0,.,.,350,2,11,.,2006,46540
229,199,25,5,.,.,122,58.0,33.0,.,.,229,.,.,.,2006,48060
364,147,200,16,1,.,154,90.0,54.0,.,.,140,.,224,.,2006,11700
119,83,36,.,.,.,90,71.0,38.0,.,.,.,.,119,.,2006,14380
120,61,59,.,.,.,100,74.5,50.0,.,.,.,.,120,.,2006,15500
365,96,210,43,16,.,195,116.0,65.0,.,5,138,21,201,.,2006,16740
256,105,123,28,.,.,150,101.0,54.0,.,.,188,.,68,.,2006,19000
360,152,189,18,1,.,159,87.0,54.0,.,.,113,.,247,.,2006,20500
363,161,188,14,.,.,133,88.0,53.0,.,.,102,.,261,.,2006,22180
290,119,168,3,.,.,127,70.0,53.0,.,.,.,.,288,2,2006,24140
365,193,140,29,3,.,156,97.0,48.0,62,.,136,.,166,1,2006,24660
262,168,90,4,.,.,136,76.0,45.0,.,.,180,.,82,.,2006,24780
360,124,219,15,2,.,166,84.0,59.0,.,.,92,.,268,.,2006,25860
121,80,41,.,.,.,85,63.0,40.0,.,.,.,.,116,5,2006,27340
257,161,89,7,.,.,136,84.0,45.0,.,.,170,.,87,.,2006,28820
121,69,52,.,.,.,95,69.0,46.0,.,.,.,.,121,.,2006,31300
291,114,175,2,.,.,109,76.0,55.0,.,.,.,.,291,.,2006,32000
357,294,59,4,.,.,108,64.0,38.0,.,.,357,.,.,.,2006,33980
111,69,42,.,.,.,92,68.0,43.0,.,.,.,.,111,.,2006,34820
210,105,88,16,1,.,177,100.0,50.5,.,.,210,.,.,.,2006,37080
365,140,201,23,1,.,164,91.0,56.0,1,.,129,.,235,.,2006,39580
265,148,110,7,.,.,122,84.0,48.0,.,.,178,.,86,1,2006,40580
365,158,186,20,1,.,164,90.0,53.0,2,.,117,39,207,.,2006,47260
349,348,1,.,.,.,57,17.0,3.0,.,.,.,349,.,.,2006,47820
363,198,152,13,.,.,145,80.0,47.0,.,.,97,105,161,.,2006,48900
365,112,220,28,5,.,166,99.0,61.0,.,4,86,13,262,.,2006,49180
365,316,48,1,.,.,113,54.0,37.0,.,12,303,22,27,1,2006,13900
364,312,52,.,.,.,100,55.0,37.0,.,.,358,.,6,.,2006,19860
364,316,47,1,.,.,118,54.0,37.0,.,22,266,.,62,14,2006,22020
363,350,12,1,.,.,119,36.0,7.0,.,.,.,363,.,.,2006,48780
365,190,133,41,1,.,175,104.0,49.0,7,.,130,153,75,.,2006,10420
362,292,57,9,4,.,185,84.0,33.0,.,.,208,154,.,.,2006,11780
53,35,18,.,.,.,98,67.0,43.0,.,.,.,.,53,.,2006,11900
345,286,52,7,.,.,147,64.0,36.0,.,.,345,.,.,.,2006,15340
342,198,119,24,1,.,172,93.0,47.0,77,.,177,.,88,.,2006,15940
365,137,171,48,9,.,182,112.0,61.0,.,31,138,125,71,.,2006,17140
365,105,179,76,5,.,161,119.0,69.0,.,19,71,206,59,10,2006,17460
365,219,119,25,2,.,154,93.0,45.0,5,.,176,32,78,74,2006,18140
365,234,111,19,1,.,156,86.0,43.0,99,.,178,.,88,.,2006,19380
56,56,.,.,.,.,40,29.0,23.0,.,.,.,.,.,56,2006,22300
365,160,171,30,4,.,171,94.0,53.0,.,9,157,124,74,1,2006,26580
364,300,55,8,1,.,161,64.0,28.0,.,.,210,127,.,27,2006,30620
237,162,62,11,2,.,166,84.0,44.0,.,.,210,.,.,27,2006,31930
213,152,51,10,.,.,150,80.0,43.0,.,.,213,.,.,.,2006,34540
341,297,42,2,.,.,107,56.0,23.0,.,.,.,341,.,.,2006,35420
346,290,44,12,.,.,133,70.0,20.0,.,.,.,346,.,.,2006,38580
365,280,83,2,.,.,143,65.0,31.0,.,.,.,137,115,113,2006,39020
354,284,57,13,.,.,133,74.0,17.0,.,.,.,313,.,41,2006,41400
365,253,98,13,1,.,164,77.0,42.0,.,.,180,104,81,.,2006,44220
365,219,134,12,.,.,136,79.0,44.0,.,.,144,77,82,62,2006,45780
356,266,84,6,.,.,140,77.0,37.0,.,.,356,.,.,.,2006,47920
365,54,187,118,6,.,174,119.0,80.0,2,.,48,278,36,1,2006,48260
365,94,193,77,1,.,161,112.0,65.0,.,.,56,174,135,.,2006,48540
214,121,75,17,1,.,161,100.0,48.0,.,.,214,.,.,.,2006,48940
365,180,165,17,3,.,174,90.0,51.0,.,.,148,29,188,.,2006,49660
241,132,74,28,7,.,182,112.0,48.0,.,.,241,.,.,.,2006,11620
311,190,107,14,.,.,140,87.0,47.0,.,2,185,.,80,44,2006,22900
334,240,69,23,2,.,156,90.0,42.0,.,.,307,.,27,.,2006,30020
365,250,98,17,.,.,143,84.0,42.0,.,.,323,.,42,.,2006,32540
365,265,88,11,1,.,151,80.0,39.0,.,.,219,.,39,107,2006,33060
356,276,75,5,.,.,109,63.0,31.0,.,.,.,90,82,184,2006,34780
365,195,119,41,10,.,174,115.0,49.0,.,34,247,.,84,.,2006,36420
365,224,109,29,3,.,166,97.0,46.0,.,.,222,37,26,80,2006,38620
365,262,89,11,2,1,206,84.0,41.0,.,59,224,3,33,46,2006,45140
365,134,188,37,4,2,207,105.0,56.0,.,4,175,85,99,2,2006,46140
362,320,42,.,.,.,85,53.0,20.0,.,.,.,.,362,.,2006,10540
362,325,37,.,.,.,86,51.0,20.0,7,.,.,.,349,6,2006,13460
363,330,33,.,.,.,86,46.0,15.0,.,.,.,.,363,.,2006,18700
365,266,84,15,.,.,147,73.0,37.0,56,.,128,.,180,1,2006,21660
365,260,103,2,.,.,105,66.0,34.0,.,.,.,.,364,1,2006,24420
361,297,64,.,.,.,92,62.0,22.0,.,.,.,.,347,14,2006,25840
364,232,106,18,8,.,176,92.0,38.0,.,.,.,.,364,.,2006,28900
364,281,72,10,1,.,178,65.0,30.0,.,.,.,.,355,9,2006,29260
365,231,129,5,.,.,139,74.0,44.0,.,.,137,.,227,1,2006,32780
365,240,111,12,1,1,201,81.0,39.0,6,2,110,1,246,.,2006,38900
360,293,66,1,.,.,107,61.0,29.0,.,.,.,.,360,.,2006,40700
363,293,63,6,1,.,154,64.0,31.0,17,.,138,.,208,.,2006,41420
360,323,35,1,1,.,154,52.0,20.0,.,.,.,.,360,.,2006,45520
365,158,173,25,9,.,200,97.0,55.0,.,11,72,97,169,16,2006,10900
365,296,65,4,.,.,133,64.0,39.0,.,76,181,100,.,8,2006,11020
213,172,40,1,.,.,101,61.0,42.0,.,.,213,.,.,.,2006,16540
205,160,40,5,.,.,136,71.0,41.0,.,.,205,.,.,.,2006,20180
211,162,42,7,.,.,140,71.0,41.0,.,.,211,.,.,.,2006,20700
365,220,134,10,1,.,161,77.0,45.0,.,25,125,44,171,.,2006,21500
365,204,148,13,.,.,132,86.0,46.0,.,.,171,.,194,.,2006,23900
365,164,180,20,1,.,156,92.0,54.0,.,15,110,15,225,.,2006,25420
365,251,99,14,1,.,154,81.0,41.0,.,21,172,172,.,.,2006,26860
365,234,114,17,.,.,119,82.0,44.0,.,59,133,81,80,12,2006,27780
365,227,110,24,4,.,169,93.0,44.0,.,66,160,54,77,8,2006,29540
365,288,71,6,.,.,132,67.0,38.0,.,87,146,90,.,42,2006,35260
365,71,226,47,19,2,226,124.0,67.0,.,42,105,45,173,.,2006,35620
365,76,208,62,17,2,210,126.0,69.0,.,14,93,84,173,1,2006,37980
365,43,205,98,19,.,200,136.0,79.0,.,3,47,162,153,.,2006,38300
365,353,10,2,.,.,104,30.0,11.0,33,.,.,332,.,.,2006,39060
313,206,89,16,2,.,156,87.0,42.0,.,48,157,23,82,3,2006,39740
355,312,37,6,.,.,150,58.0,35.0,.,.,355,.,.,.,2006,41260
365,228,127,10,.,.,140,76.0,44.0,.,35,124,12,190,4,2006,42540
348,278,62,8,.,.,112,74.0,37.0,.,.,348,.,.,.,2006,43740
365,209,142,14,.,.,126,86.0,47.0,.,3,187,1,174,.,2006,44300
365,241,56,54,14,.,176,115.0,27.0,.,.,.,365,.,.,2006,47620
361,305,51,5,.,.,133,61.0,31.0,.,.,199,152,.,10,2006,48700
365,223,124,17,1,.,157,89.0,44.0,.,108,122,51,78,6,2006,49620
365,180,165,17,3,.,174,90.0,51.0,.,.,148,29,188,.,2006,49660
365,201,139,21,3,1,226,90.0,48.0,.,17,129,53,166,.,2006,39300
365,56,129,95,71,14,217,175.0,100.0,.,4,207,.,149,5,2006,12540
365,176,123,47,8,11,8195,115.0,51.0,.,.,290,.,.,75,2006,13860
365,155,142,59,9,.,172,122.0,56.0,.,1,260,.,102,2,2006,17020
364,336,27,1,.,.,101,48.0,35.0,.,.,358,.,6,.,2006,17340
124,120,4,.,.,.,77,32.0,12.0,.,.,.,.,99,25,2006,18860
365,117,183,55,10,.,190,119.0,63.0,6,65,247,2,24,21,2006,20940
101,82,19,.,.,.,99,58.0,28.0,.,2,11,.,79,9,2006,21700
365,82,149,85,47,2,208,156.0,80.0,.,18,195,.,151,1,2006,23420
365,176,109,72,8,.,190,126.0,52.0,.,42,247,.,37,39,2006,25260
365,57,177,79,41,11,224,164.0,84.0,1,49,188,.,126,1,2006,31080
363,260,72,30,1,.,174,97.0,39.0,.,56,307,.,.,.,2006,31460
364,215,98,43,8,.,172,112.0,44.0,.,43,269,.,49,3,2006,32900
365,219,100,32,14,.,179,108.0,44.0,5,62,234,.,62,2,2006,33700
365,349,14,2,.,.,105,44.0,34.0,1,83,275,.,.,6,2006,34900
365,202,111,38,14,.,197,119.0,48.0,.,21,308,.,34,2,2006,37100
340,210,83,40,7,.,166,117.0,41.0,.,.,323,.,.,17,2006,39780
365,252,90,22,1,.,151,90.0,45.0,.,.,347,.,18,.,2006,39820
365,48,153,78,66,20,239,185.0,91.0,.,41,224,.,83,17,2006,40140
365,86,158,72,44,5,210,154.0,74.0,.,4,211,.,146,4,2006,40900
365,345,19,1,.,.,126,46.0,37.0,.,16,331,.,15,3,2006,41500
365,84,210,55,16,.,187,126.0,70.0,.,48,218,.,92,7,2006,41740
365,191,145,22,7,.,190,90.0,49.0,.,33,141,4,186,1,2006,41860
365,184,148,26,7,.,200,97.0,50.0,.,9,211,.,138,7,2006,41940
365,178,122,59,6,.,174,119.0,51.0,.,3,281,64,12,5,2006,42020
365,347,17,1,.,.,101,45.0,36.0,.,2,345,.,12,6,2006,42100
365,229,120,15,1,.,162,80.0,48.0,.,4,345,.,15,1,2006,42200
365,340,24,.,1,.,153,47.0,33.0,1,36,277,.,50,1,2006,42220
365,268,81,16,.,.,143,84.0,38.0,.,.,365,.,.,.,2006,43760
365,227,101,30,7,.,195,101.0,44.0,.,76,233,.,50,6,2006,44700
365,174,108,59,24,.,200,136.0,53.0,.,.,284,.,20,61,2006,46020
365,341,24,.,.,.,97,48.0,34.0,.,34,309,.,16,6,2006,46380
365,201,144,17,3,.,154,85.0,47.0,.,13,136,.,216,.,2006,46700
365,71,151,74,67,2,204,161.0,88.0,.,.,209,.,156,.,2006,47300
365,167,151,41,6,.,179,108.0,54.0,.,18,217,.,128,2,2006,49700
365,127,213,22,3,.,169,93.0,58.0,.,.,153,.,212,.,2006,12260
365,171,175,18,1,.,159,87.0,52.0,.,3,147,13,202,.,2006,16700
365,96,210,43,16,.,195,116.0,65.0,.,5,138,21,201,.,2006,16740
365,103,225,34,2,1,253,101.0,61.0,.,1,125,52,158,29,2006,17900
263,144,108,11,.,.,126,90.0,48.0,.,.,196,.,67,.,2006,22500
360,272,79,8,1,.,161,74.0,40.0,.,.,360,.,.,.,2006,23500
363,289,73,1,.,.,103,60.0,30.0,.,.,.,38,97,228,2006,23860
365,106,237,19,3,.,164,90.0,61.0,.,2,110,1,252,.,2006,24860
267,129,123,13,2,.,166,84.0,51.0,.,.,181,.,86,.,2006,24940
116,74,42,.,.,.,79,67.0,41.0,.,.,.,.,116,.,2006,25940
111,69,42,.,.,.,92,68.0,43.0,.,.,.,.,111,.,2006,34820
363,272,91,.,.,.,95,64.0,43.0,.,.,307,5,51,.,2006,42860
355,132,188,32,3,.,172,100.0,58.0,.,.,142,.,212,1,2006,43900
349,265,76,8,.,.,136,77.0,40.0,.,.,349,.,.,.,2006,47500
122,106,16,.,.,.,71,53.0,30.0,.,.,.,.,113,9,2006,10100
131,111,20,.,.,.,81,55.0,31.0,.,.,.,.,106,25,2006,15100
365,212,145,8,.,.,126,80.0,48.0,.,.,268,.,27,70,2006,39660
122,83,39,.,.,.,88,66.0,38.0,.,.,.,.,110,12,2006,43580
359,290,68,1,.,.,105,64.0,36.0,.,15,252,.,66,26,2006,43620
340,301,39,.,.,.,85,52.0,22.0,.,.,.,.,110,230,2006,47980
347,240,89,17,1,.,178,80.0,31.0,.,155,.,93,93,6,2006,11940
306,241,50,12,2,1,203,84.0,38.5,.,5,299,2,.,.,2006,15140
293,123,139,27,4,.,169,101.0,54.0,.,.,195,.,93,5,2006,16860
365,186,147,29,3,.,200,97.0,50.0,.,.,238,38,89,.,2006,17300
365,323,32,9,1,.,168,55.0,24.0,.,197,.,142,.,26,2006,17420
109,59,50,.,.,.,97,71.0,49.0,.,.,.,.,109,.,2006,18260
109,66,40,2,1,.,153,64.0,43.0,.,.,.,.,109,.,2006,20540
127,77,48,1,1,.,156,66.0,43.0,.,.,.,.,119,8,2006,27180
365,111,159,87,8,.,182,117.0,72.0,.,15,115,187,48,.,2006,28700
365,43,211,98,12,1,202,129.0,79.0,.,.,115,148,99,3,2006,28940
284,184,96,4,.,.,115,72.0,45.0,.,.,193,.,91,.,2006,29980
365,88,219,50,8,.,200,113.0,63.0,.,5,122,40,198,.,2006,32820
365,185,140,36,4,.,188,101.0,49.0,.,.,290,75,.,.,2006,34100
365,109,220,30,6,.,182,100.0,59.0,.,10,125,.,230,.,2006,34980
362,185,134,38,5,.,159,105.0,50.0,.,.,359,3,.,.,2006,42940
365,347,18,.,.,.,59,44.0,25.0,.,.,.,.,365,.,2006,11100
365,220,109,32,4,.,164,100.0,46.0,.,4,231,.,130,.,2006,12420
365,80,194,79,12,.,200,126.0,70.0,.,.,98,142,125,.,2006,13140
365,232,132,1,.,.,101,68.0,43.0,1,.,113,.,225,26,2006,15180
365,228,130,7,.,.,147,71.0,45.0,.,.,112,6,245,2,2006,18580
365,107,184,46,26,2,202,136.0,60.0,.,32,179,50,104,.,2006,19100
301,243,58,.,.,.,72,55.0,29.0,.,.,.,.,301,.,2006,20580
365,75,230,46,10,4,608,113.0,67.0,.,10,133,1,129,92,2006,21340
365,47,231,56,22,9,222,143.0,69.0,.,6,122,53,158,26,2006,26420
338,233,104,1,.,.,102,64.0,39.0,.,.,.,.,338,.,2006,28780
365,203,158,3,.,1,394,67.0,47.0,.,.,60,.,262,43,2006,29700
361,268,64,26,3,.,161,90.0,38.0,.,18,322,21,.,.,2006,30980
365,216,134,15,.,.,143,84.0,46.0,.,1,191,.,173,.,2006,32220
365,205,160,.,.,.,97,72.0,47.0,.,.,74,.,264,27,2006,32580
365,324,41,.,.,.,66,51.0,34.0,.,.,.,.,365,.,2006,36220
365,198,135,28,4,.,169,97.0,48.0,.,27,209,.,126,3,2006,41700
117,61,54,2,.,.,108,67.0,49.0,.,.,.,.,117,.,2006,45500
365,264,66,33,2,.,159,100.0,42.0,.,3,362,.,.,.,2006,46340
345,297,43,5,.,.,126,67.0,34.0,.,.,345,.,.,.,2006,47020
350,297,53,.,.,.,69,53.0,30.0,.,.,.,.,350,.,2006,48660
365,185,171,8,1,.,152,77.0,50.0,.,19,202,.,144,.,2006,30860
365,167,165,31,2,.,174,97.0,52.0,2,139,144,.,73,7,2006,36260
365,184,147,34,.,.,140,100.0,50.0,1,94,136,.,131,3,2006,39340
359,229,123,7,.,.,119,84.0,46.0,.,.,358,.,1,.,2006,41100
365,145,166,49,5,.,161,108.0,57.0,.,68,159,8,114,16,2006,41620
49,49,.,.,.,.,17,15.0,6.0,.,.,.,.,.,49,2006,46860
356,316,37,3,.,.,119,53.0,34.0,.,.,314,.,42,.,2006,13540
245,180,62,3,.,.,129,64.0,40.0,.,.,168,.,77,.,2006,13620
365,323,40,2,.,.,122,54.0,36.0,.,26,277,.,62,.,2006,15540
362,316,44,2,.,.,122,54.0,34.0,.,.,331,.,31,.,2006,17200
365,320,45,.,.,.,96,55.0,23.0,11,177,.,75,101,1,2006,40860
351,264,81,6,.,.,115,71.0,40.0,.,.,351,.,.,.,2006,13980
58,58,.,.,.,.,44,31.0,18.5,.,.,.,.,.,58,2006,16820
364,363,1,.,.,.,55,35.0,23.0,.,290,.,52,.,22,2006,25500
365,111,159,87,8,.,182,117.0,72.0,.,15,115,187,48,.,2006,28700
115,64,51,.,.,.,91,72.0,46.0,.,.,.,.,115,.,2006,31340
365,137,194,25,9,.,179,100.0,57.0,.,51,108,58,148,.,2006,40060
365,232,118,15,.,.,143,83.0,43.0,2,98,167,9,88,1,2006,40220
365,158,186,20,1,.,164,90.0,53.0,2,.,117,39,207,.,2006,47260
365,140,169,35,18,3,221,115.0,57.0,1,40,153,18,151,2,2006,47900
240,180,52,7,1,.,156,77.0,43.0,.,.,205,.,.,35,2006,49020
365,339,26,.,.,.,82,40.0,18.0,.,.,.,.,365,.,2006,10140
362,328,34,.,.,.,73,48.0,29.0,.,.,114,.,248,.,2006,13380
109,107,2,.,.,.,56,22.0,5.0,.,.,.,.,109,.,2006,16500
360,300,60,.,.,.,88,56.0,31.0,.,.,.,.,360,.,2006,21260
365,294,68,3,.,.,149,62.0,28.0,.,.,.,.,310,55,2006,28420
337,293,38,6,.,.,121,53.0,23.0,.,.,.,.,308,29,2006,30300
343,311,32,.,.,.,95,48.0,17.0,.,.,.,.,343,.,2006,31020
363,325,38,.,.,.,88,51.0,25.0,.,.,.,.,363,.,2006,34180
365,355,9,1,.,.,107,42.0,31.0,.,1,304,21,39,.,2006,34580
365,294,66,5,.,.,147,64.0,35.0,.,.,117,.,247,1,2006,36500
365,339,26,.,.,.,90,44.0,22.0,.,.,.,.,365,.,2006,36830
364,251,112,1,.,.,116,68.0,38.0,.,.,119,.,245,.,2006,38820
365,240,111,12,1,1,201,81.0,39.0,6,2,110,1,246,.,2006,38900
365,332,31,2,.,.,116,48.0,21.0,.,.,.,.,365,.,2006,39420
365,193,143,20,7,2,206,92.0,48.0,.,.,118,.,245,2,2006,42660
351,313,38,.,.,.,84,51.0,25.0,.,.,.,.,351,.,2006,43220
365,181,176,8,.,.,122,77.0,51.0,3,.,111,.,244,7,2006,44060
365,291,67,6,1,.,153,62.0,30.0,.,.,.,.,283,82,2006,47460
365,266,97,2,.,.,104,62.0,36.0,.,.,.,.,365,.,2006,48300
365,241,111,11,2,.,158,77.0,39.0,.,.,.,.,358,7,2006,49420
118,76,41,1,.,.,108,72.0,41.5,.,.,.,.,118,.,2006,13220
365,178,162,24,1,.,159,90.0,52.0,.,.,120,145,89,11,2006,16620
118,55,61,2,.,.,102,75.0,52.0,.,.,.,.,118,.,2006,17220
121,50,70,1,.,.,119,80.0,54.0,.,.,.,.,121,.,2006,21900
274,155,102,16,1,.,159,90.0,48.0,.,.,173,.,101,.,2006,25180
365,160,171,30,4,.,171,94.0,53.0,.,9,157,124,74,1,2006,26580
365,216,105,41,3,.,166,108.0,44.0,.,.,120,162,83,.,2006,34060
365,194,147,23,1,.,154,90.0,48.0,.,.,125,168,72,.,2006,37620
346,290,44,12,.,.,133,70.0,20.0,.,.,.,346,.,.,2006,38580
365,140,169,35,18,3,221,115.0,57.0,1,40,153,18,151,2,2006,47900
365,54,187,118,6,.,174,119.0,80.0,2,.,48,278,36,1,2006,48260
365,94,193,77,1,.,161,112.0,65.0,.,.,56,174,135,.,2006,48540
240,180,52,7,1,.,156,77.0,43.0,.,.,205,.,.,35,2006,49020
245,169,70,6,.,.,121,71.0,41.0,.,.,166,.,79,.,2006,11540
349,288,59,2,.,.,114,60.0,38.0,.,.,285,.,64,.,2006,12660
365,279,81,5,.,.,138,64.0,39.0,.,.,275,.,79,11,2006,13180
365,24,299,38,4,.,164,102.0,71.0,.,77,46,100,136,6,2006,16980
365,246,119,.,.,.,97,63.0,44.0,.,.,171,.,191,3,2006,20260
184,146,37,1,.,.,101,64.0,41.0,.,.,184,.,.,.,2006,22540
361,242,106,10,3,.,174,74.0,41.0,.,.,131,166,64,.,2006,24580
248,214,33,1,.,.,101,54.0,37.0,.,.,188,.,60,.,2006,27020
185,147,37,1,.,.,112,64.0,42.0,.,.,185,.,.,.,2006,27500
119,69,49,1,.,.,117,71.0,43.0,.,.,.,.,119,.,2006,29100
306,226,78,2,.,.,146,67.0,42.0,.,.,217,.,89,.,2006,31540
241,177,56,6,2,.,197,71.0,40.0,.,.,175,.,66,.,2006,31820
365,242,111,10,2,.,169,77.0,42.0,.,75,170,4,108,8,2006,33340
365,168,187,10,.,.,140,81.0,52.0,.,4,133,16,208,4,2006,33460
128,78,49,1,.,.,115,67.0,42.5,.,.,.,.,128,.,2006,38420
184,153,26,5,.,.,133,67.0,38.0,.,.,184,.,.,.,2006,39540
217,163,40,11,2,1,204,90.0,41.0,.,.,188,.,.,29,2006,43100
185,148,34,3,.,.,112,64.0,41.0,.,.,185,.,.,.,2006,48020
185,146,38,1,.,.,105,61.0,41.0,.,.,185,.,.,.,2006,48140
186,134,46,6,.,.,129,74.0,44.0,.,.,186,.,.,.,2006,48580
365,226,120,16,3,.,154,90.0,46.0,8,.,322,.,34,1,2006,14500
307,298,9,.,.,.,66,31.0,13.0,.,.,.,.,.,307,2006,14720
57,57,.,.,.,.,50,25.0,16.0,.,.,.,.,.,57,2006,15860
365,223,126,16,.,.,129,87.0,46.0,.,.,322,.,39,4,2006,17820
365,102,204,49,10,.,177,112.0,61.0,.,95,188,1,56,25,2006,19740
365,231,124,10,.,.,126,84.0,46.0,.,15,349,.,.,1,2006,20420
365,184,142,33,6,.,179,101.0,50.0,.,.,351,.,13,1,2006,22660
344,334,10,.,.,.,61,38.0,19.0,.,.,.,.,1,343,2006,24060
365,309,54,1,1,.,167,54.0,32.0,4,.,.,.,88,273,2006,24300
365,209,129,25,2,.,161,97.0,47.0,16,.,294,.,54,1,2006,24540
129,107,22,.,.,.,66,54.0,33.0,.,.,.,.,105,24,2006,39380
352,331,21,.,.,.,67,39.0,19.0,.,.,.,.,.,352,2006,44460
88,85,3,.,.,.,66,31.0,17.0,.,.,.,.,.,88,2006,16220
119,115,4,.,.,.,57,29.0,17.0,.,.,.,.,93,26,2006,16940
365,161,197,7,.,.,133,80.0,52.0,.,1,175,51,5,133,2006,23940
364,255,108,1,.,.,140,71.0,44.0,16,.,326,.,19,3,2006,27220
358,220,135,3,.,.,108,74.0,47.0,.,.,350,.,.,8,2006,29660
122,103,19,.,.,.,77,56.0,24.0,.,.,.,.,110,12,2006,40180
365,261,99,4,.,1,344,71.0,42.0,.,11,231,.,.,123,2006,40540
237,184,53,.,.,.,93,60.0,31.0,.,.,.,.,86,151,2006,43260
103,95,8,.,.,.,75,48.0,26.0,.,.,.,.,103,.,2006,10260
275,251,23,1,.,.,102,49.0,18.0,.,48,.,227,.,.,2006,17640
290,279,11,.,.,.,84,37.0,4.0,.,.,.,169,50,71,2006,25020
100,90,10,.,.,.,68,50.5,26.0,.,.,.,.,100,.,2006,32420
211,183,28,.,.,.,77,52.0,24.0,.,.,.,92,36,83,2006,38660
365,279,86,.,.,.,90,56.0,40.0,10,1,1,25,157,171,2006,41980
365,259,77,18,9,2,215,90.0,42.0,1,108,160,26,70,.,2006,14860
365,241,100,18,5,1,206,90.0,42.0,18,48,153,1,145,.,2006,25540
365,200,143,17,4,1,209,84.0,48.0,.,87,92,11,175,.,2006,35300
237,170,57,6,3,1,205,80.0,43.0,.,.,164,.,73,.,2006,35980
361,281,59,18,3,.,187,77.0,39.0,.,16,306,.,39,.,2006,45860
365,246,102,13,4,.,172,82.0,41.0,.,9,220,.,136,.,2006,49340
265,156,93,13,3,.,159,90.0,47.0,.,.,172,.,93,.,2006,20100
365,76,208,62,17,2,210,126.0,69.0,.,14,93,84,173,1,2006,37980
267,140,106,19,2,.,159,93.0,50.0,.,.,197,.,70,.,2006,41540
365,140,169,35,18,3,221,115.0,57.0,1,40,153,18,151,2,2006,47900
365,298,60,7,.,.,126,64.0,38.0,.,.,324,.,34,7,2006,15980
365,283,76,6,.,.,119,65.0,40.0,.,.,312,.,42,11,2006,19660
365,268,87,10,.,.,126,71.0,41.0,.,.,311,.,47,7,2006,23540
122,90,32,.,.,.,75,57.0,35.5,.,.,.,.,122,.,2006,26140
365,142,183,36,4,.,189,101.0,55.0,.,.,145,97,123,.,2006,27260
359,272,83,4,.,.,122,77.0,41.0,.,.,359,.,.,.,2006,29380
365,267,85,12,1,.,159,77.0,41.0,.,.,308,.,46,11,2006,29460
365,155,193,15,2,.,187,84.0,53.0,.,7,98,12,245,3,2006,33100
364,251,111,2,.,.,119,64.0,43.0,.,.,155,.,209,.,2006,34940
365,258,93,13,1,.,154,80.0,43.0,1,1,315,1,37,10,2006,35840
365,284,73,8,.,.,140,71.0,41.0,.,.,314,.,51,.,2006,36100
365,173,169,21,2,.,169,93.0,51.0,.,2,187,.,174,2,2006,36740
365,342,21,2,.,.,105,41.0,23.0,.,.,.,43,.,322,2006,37260
365,270,87,7,1,.,156,71.0,43.0,.,.,313,.,52,.,2006,37340
365,237,111,17,.,.,147,80.0,44.0,.,.,305,.,54,6,2006,37460
365,144,180,39,2,.,159,102.0,54.0,.,.,171,32,162,.,2006,37860
364,245,118,1,.,.,112,64.0,43.0,.,.,128,.,236,.,2006,38940
339,248,83,8,.,.,150,74.0,43.0,.,.,339,.,.,.,2006,42680
364,290,65,9,.,.,136,71.0,38.0,.,.,364,.,.,.,2006,42700
365,130,226,9,.,.,126,84.0,55.0,.,.,108,.,257,.,2006,45220
365,100,200,61,4,.,167,112.0,61.0,.,1,129,98,128,9,2006,45300
365,29,258,63,14,1,204,119.0,80.0,46,.,67,12,200,40,2006,13820
365,137,211,14,3,.,154,89.0,58.0,.,.,98,.,267,.,2006,17980
280,174,81,24,1,.,156,97.0,46.0,.,.,217,.,63,.,2006,19300
286,149,117,20,.,.,136,93.0,50.0,.,.,208,.,78,.,2006,19460
285,177,102,6,.,.,126,77.0,46.0,.,.,187,.,98,.,2006,20020
11,6,5,.,.,.,77,63.0,35.0,.,.,.,.,11,.,2006,21640
365,254,102,9,.,.,129,71.0,42.0,.,.,176,101,88,.,2006,22520
363,215,133,15,.,.,140,84.0,47.0,.,.,300,.,63,.,2006,22840
282,168,108,6,.,.,129,74.0,48.0,.,.,194,.,87,1,2006,23460
362,229,119,12,2,.,156,84.0,45.0,.,.,282,.,73,7,2006,26620
364,241,99,21,3,.,164,84.0,44.0,.,.,201,7,79,77,2006,33660
286,152,122,11,1,.,175,84.0,49.0,.,.,190,.,96,.,2006,33860
365,339,23,3,.,.,104,39.0,7.0,.,.,.,365,.,.,2006,42460
277,157,105,15,.,.,150,84.0,48.0,.,.,208,.,68,1,2006,45180
20,20,.,.,.,.,37,32.0,21.0,.,.,.,.,.,20,2006,45980
277,163,106,7,1,.,161,80.0,47.0,.,.,186,.,91,.,2006,46220
